user_id,cookie_id,start_date
47,67c6a1,2020-02-20 00:00:00.000000 UTC
175,821612,2020-02-20 00:00:00.000000 UTC
177,96da2f,2020-02-20 00:00:00.000000 UTC
183,cedebb,2020-02-20 00:00:00.000000 UTC
186,9872ed,2020-02-20 00:00:00.000000 UTC
266,f76640,2020-02-20 00:00:00.000000 UTC
279,d39577,2020-02-20 00:00:00.000000 UTC
311,9dfcd5,2020-02-20 00:00:00.000000 UTC
410,1068c6,2020-02-20 00:00:00.000000 UTC
435,ddb306,2020-02-20 00:00:00.000000 UTC
486,7d04bb,2020-02-20 00:00:00.000000 UTC
161,28d52e,2020-02-20 00:00:00.000000 UTC
201,b90f2e,2020-02-20 00:00:00.000000 UTC
342,6979db,2020-02-20 00:00:00.000000 UTC
474,f7d4ae,2020-02-20 00:00:00.000000 UTC
31,f6e010,2020-02-20 00:00:00.000000 UTC
257,00dc3a,2020-02-20 00:00:00.000000 UTC
496,062b2e,2020-02-20 00:00:00.000000 UTC
77,5edbd6,2020-02-20 00:00:00.000000 UTC
368,c62e72,2020-02-20 00:00:00.000000 UTC
85,296d07,2020-02-20 00:00:00.000000 UTC
454,8ea6b2,2020-02-20 00:00:00.000000 UTC
371,9771f7,2020-02-20 00:00:00.000000 UTC
434,97b83a,2020-02-20 00:00:00.000000 UTC
287,79bea2,2020-02-20 00:00:00.000000 UTC
185,7a215b,2020-02-20 00:00:00.000000 UTC
103,71261c,2020-02-20 00:00:00.000000 UTC
303,29ba4a,2020-02-20 00:00:00.000000 UTC
399,6fa64e,2020-02-20 00:00:00.000000 UTC
489,c72047,2020-02-20 00:00:00.000000 UTC
95,1a3c5e,2020-02-20 00:00:00.000000 UTC
211,a26e03,2020-02-20 00:00:00.000000 UTC
60,072b03,2020-01-19 00:00:00.000000 UTC
75,d09bf4,2020-01-19 00:00:00.000000 UTC
88,2a38a4,2020-01-19 00:00:00.000000 UTC
100,f89913,2020-01-19 00:00:00.000000 UTC
107,a97da6,2020-01-19 00:00:00.000000 UTC
149,f22170,2020-01-19 00:00:00.000000 UTC
247,3cec07,2020-01-19 00:00:00.000000 UTC
290,f90f2a,2020-01-19 00:00:00.000000 UTC
304,37bc2f,2020-01-19 00:00:00.000000 UTC
382,4f6ffe,2020-01-19 00:00:00.000000 UTC
418,d1f255,2020-01-19 00:00:00.000000 UTC
487,a516a8,2020-01-19 00:00:00.000000 UTC
118,fd89ac,2020-01-19 00:00:00.000000 UTC
226,0a7b3c,2020-01-19 00:00:00.000000 UTC
78,553f86,2020-01-19 00:00:00.000000 UTC
16,f21200,2020-01-19 00:00:00.000000 UTC
173,1b5a68,2020-01-19 00:00:00.000000 UTC
68,9b6ef5,2020-01-19 00:00:00.000000 UTC
338,98979a,2020-01-19 00:00:00.000000 UTC
312,135ac5,2020-01-19 00:00:00.000000 UTC
136,12359b,2020-01-19 00:00:00.000000 UTC
346,a83fe6,2020-01-19 00:00:00.000000 UTC
101,aab89e,2020-04-16 00:00:00.000000 UTC
479,664816,2020-04-16 00:00:00.000000 UTC
440,b6aeb3,2020-04-16 00:00:00.000000 UTC
486,07df0a,2020-04-16 00:00:00.000000 UTC
191,eefca9,2020-03-15 00:00:00.000000 UTC
128,4d5962,2020-03-15 00:00:00.000000 UTC
1,ac1c29,2020-03-15 00:00:00.000000 UTC
313,96aead,2020-03-15 00:00:00.000000 UTC
344,a3dced,2020-03-15 00:00:00.000000 UTC
194,01e0a8,2020-03-15 00:00:00.000000 UTC
422,8bba89,2020-03-15 00:00:00.000000 UTC
179,d7a98e,2020-03-15 00:00:00.000000 UTC
369,cdec43,2020-03-15 00:00:00.000000 UTC
45,6b0d06,2020-03-15 00:00:00.000000 UTC
340,9aadc2,2020-03-15 00:00:00.000000 UTC
9,aa4314,2020-03-15 00:00:00.000000 UTC
139,c1157e,2020-03-15 00:00:00.000000 UTC
454,341eee,2020-03-15 00:00:00.000000 UTC
50,718f49,2020-03-15 00:00:00.000000 UTC
127,fb9e49,2020-03-15 00:00:00.000000 UTC
427,958364,2020-03-15 00:00:00.000000 UTC
80,1d5e5d,2020-03-15 00:00:00.000000 UTC
8,c9f0f8,2020-02-12 00:00:00.000000 UTC
13,c51ce4,2020-02-12 00:00:00.000000 UTC
20,98f137,2020-02-12 00:00:00.000000 UTC
92,92cc22,2020-02-12 00:00:00.000000 UTC
150,7ef605,2020-02-12 00:00:00.000000 UTC
192,58a2fc,2020-02-12 00:00:00.000000 UTC
318,432aca,2020-02-12 00:00:00.000000 UTC
336,685545,2020-02-12 00:00:00.000000 UTC
363,004114,2020-02-12 00:00:00.000000 UTC
369,0c74b7,2020-02-12 00:00:00.000000 UTC
439,eed5af,2020-02-12 00:00:00.000000 UTC
144,a9826b,2020-02-12 00:00:00.000000 UTC
290,0d4a40,2020-02-12 00:00:00.000000 UTC
132,4d2bf5,2020-02-12 00:00:00.000000 UTC
388,91e2ea,2020-02-12 00:00:00.000000 UTC
244,aef9d8,2020-02-12 00:00:00.000000 UTC
304,794dee,2020-02-12 00:00:00.000000 UTC
226,4978b8,2020-02-12 00:00:00.000000 UTC
248,5fa6e2,2020-02-12 00:00:00.000000 UTC
118,110cfc,2020-02-12 00:00:00.000000 UTC
71,dc259d,2020-02-12 00:00:00.000000 UTC
232,d653c0,2020-02-12 00:00:00.000000 UTC
424,c62387,2020-02-12 00:00:00.000000 UTC
98,ed3d2c,2020-01-11 00:00:00.000000 UTC
288,48aedb,2020-01-11 00:00:00.000000 UTC
349,0bb4ae,2020-01-11 00:00:00.000000 UTC
389,eb2e77,2020-01-11 00:00:00.000000 UTC
477,995168,2020-04-08 00:00:00.000000 UTC
440,8f4a6d,2020-04-08 00:00:00.000000 UTC
307,4dda01,2020-04-08 00:00:00.000000 UTC
3,a666ef,2020-04-08 00:00:00.000000 UTC
295,1fd98f,2020-04-08 00:00:00.000000 UTC
43,730b0a,2020-04-08 00:00:00.000000 UTC
175,1558d7,2020-03-07 00:00:00.000000 UTC
186,3de39d,2020-03-07 00:00:00.000000 UTC
479,457262,2020-03-07 00:00:00.000000 UTC
437,da562b,2020-03-07 00:00:00.000000 UTC
321,95425b,2020-03-07 00:00:00.000000 UTC
286,9c5a5e,2020-03-07 00:00:00.000000 UTC
480,e8aeff,2020-03-07 00:00:00.000000 UTC
43,e9cbc2,2020-03-07 00:00:00.000000 UTC
20,0d8eb5,2020-03-07 00:00:00.000000 UTC
157,a278e0,2020-03-07 00:00:00.000000 UTC
329,b2969b,2020-03-07 00:00:00.000000 UTC
427,2e3090,2020-03-07 00:00:00.000000 UTC
457,bbdac6,2020-03-07 00:00:00.000000 UTC
443,9b63ef,2020-03-07 00:00:00.000000 UTC
20,1fef92,2020-03-07 00:00:00.000000 UTC
395,84a76b,2020-03-07 00:00:00.000000 UTC
492,158f74,2020-03-07 00:00:00.000000 UTC
481,1312a7,2020-03-07 00:00:00.000000 UTC
398,1b8abf,2020-03-07 00:00:00.000000 UTC
319,54553e,2020-03-07 00:00:00.000000 UTC
213,1b7706,2020-03-07 00:00:00.000000 UTC
1,c4ca42,2020-02-04 00:00:00.000000 UTC
62,44f683,2020-02-04 00:00:00.000000 UTC
165,976652,2020-02-04 00:00:00.000000 UTC
172,1ff8a7,2020-02-04 00:00:00.000000 UTC
248,621bf6,2020-02-04 00:00:00.000000 UTC
251,19f3cd,2020-02-04 00:00:00.000000 UTC
283,0f49c8,2020-02-04 00:00:00.000000 UTC
294,688396,2020-02-04 00:00:00.000000 UTC
332,c042f4,2020-02-04 00:00:00.000000 UTC
337,357a6f,2020-02-04 00:00:00.000000 UTC
360,e7b24b,2020-02-04 00:00:00.000000 UTC
386,39461a,2020-02-04 00:00:00.000000 UTC
156,f7d90a,2020-02-04 00:00:00.000000 UTC
197,047aa5,2020-02-04 00:00:00.000000 UTC
244,d3e3b3,2020-02-04 00:00:00.000000 UTC
65,aeb73b,2020-02-04 00:00:00.000000 UTC
102,749717,2020-02-04 00:00:00.000000 UTC
25,6ef7b8,2020-02-04 00:00:00.000000 UTC
96,18f517,2020-02-04 00:00:00.000000 UTC
248,de0169,2020-02-04 00:00:00.000000 UTC
91,6ec64a,2020-02-04 00:00:00.000000 UTC
239,b0c26c,2020-02-04 00:00:00.000000 UTC
195,c81772,2020-02-04 00:00:00.000000 UTC
472,bf52f1,2020-05-02 00:00:00.000000 UTC
117,eb160d,2020-01-03 00:00:00.000000 UTC
133,9fc3d7,2020-01-03 00:00:00.000000 UTC
138,013d40,2020-01-03 00:00:00.000000 UTC
168,006f52,2020-01-03 00:00:00.000000 UTC
198,0e6597,2020-01-03 00:00:00.000000 UTC
242,e4a622,2020-01-03 00:00:00.000000 UTC
301,34ed06,2020-01-03 00:00:00.000000 UTC
338,819f46,2020-01-03 00:00:00.000000 UTC
375,f61d69,2020-01-03 00:00:00.000000 UTC
384,0584ce,2020-01-03 00:00:00.000000 UTC
394,28f0b8,2020-01-03 00:00:00.000000 UTC
483,e1e32e,2020-01-03 00:00:00.000000 UTC
295,2447bb,2020-03-31 00:00:00.000000 UTC
99,23ecdb,2020-03-31 00:00:00.000000 UTC
439,64e2c8,2020-03-31 00:00:00.000000 UTC
12,9c38c8,2020-03-31 00:00:00.000000 UTC
221,a31478,2020-03-31 00:00:00.000000 UTC
396,72483e,2020-03-31 00:00:00.000000 UTC
447,c43313,2020-03-31 00:00:00.000000 UTC
448,d6996b,2020-03-31 00:00:00.000000 UTC
83,fe9fc2,2020-02-28 00:00:00.000000 UTC
101,38b3ef,2020-02-28 00:00:00.000000 UTC
203,e2c0be,2020-02-28 00:00:00.000000 UTC
216,45fbc6,2020-02-28 00:00:00.000000 UTC
295,49182f,2020-02-28 00:00:00.000000 UTC
354,8dd48d,2020-02-28 00:00:00.000000 UTC
467,ab817c,2020-02-28 00:00:00.000000 UTC
500,cee631,2020-02-28 00:00:00.000000 UTC
357,2ec3a8,2020-02-28 00:00:00.000000 UTC
410,c2b43f,2020-02-28 00:00:00.000000 UTC
36,f404ac,2020-02-28 00:00:00.000000 UTC
150,0eecbb,2020-02-28 00:00:00.000000 UTC
19,39adaa,2020-02-28 00:00:00.000000 UTC
408,6c5ffe,2020-02-28 00:00:00.000000 UTC
130,05009b,2020-02-28 00:00:00.000000 UTC
472,e4d9f4,2020-02-28 00:00:00.000000 UTC
445,cd7cfd,2020-02-28 00:00:00.000000 UTC
395,93ad45,2020-02-28 00:00:00.000000 UTC
381,ffdd7e,2020-02-28 00:00:00.000000 UTC
90,dce764,2020-02-28 00:00:00.000000 UTC
386,595fd2,2020-02-28 00:00:00.000000 UTC
180,322fd1,2020-02-28 00:00:00.000000 UTC
493,9394d9,2020-02-28 00:00:00.000000 UTC
251,d5dc8b,2020-02-28 00:00:00.000000 UTC
137,db423e,2020-02-28 00:00:00.000000 UTC
242,4a10ad,2020-02-28 00:00:00.000000 UTC
52,d50c17,2020-02-28 00:00:00.000000 UTC
281,a05109,2020-02-28 00:00:00.000000 UTC
302,ca844e,2020-02-28 00:00:00.000000 UTC
38,6df816,2020-02-28 00:00:00.000000 UTC
30,9c5130,2020-02-28 00:00:00.000000 UTC
324,ef10ed,2020-02-28 00:00:00.000000 UTC
197,cd8f17,2020-02-28 00:00:00.000000 UTC
500,f1ab70,2020-02-28 00:00:00.000000 UTC
132,65ded5,2020-01-27 00:00:00.000000 UTC
259,cfa086,2020-01-27 00:00:00.000000 UTC
269,06138b,2020-01-27 00:00:00.000000 UTC
298,26e359,2020-01-27 00:00:00.000000 UTC
428,8d7d8e,2020-01-27 00:00:00.000000 UTC
474,25ddc0,2020-01-27 00:00:00.000000 UTC
35,166861,2020-01-27 00:00:00.000000 UTC
378,e8b021,2020-01-27 00:00:00.000000 UTC
375,200082,2020-01-27 00:00:00.000000 UTC
420,d7e55e,2020-01-27 00:00:00.000000 UTC
413,fb0702,2020-01-27 00:00:00.000000 UTC
394,e34a77,2020-01-27 00:00:00.000000 UTC
418,ae9097,2020-01-27 00:00:00.000000 UTC
103,e8f584,2020-01-27 00:00:00.000000 UTC
347,8438e3,2020-01-27 00:00:00.000000 UTC
303,529f02,2020-01-27 00:00:00.000000 UTC
218,858347,2020-01-27 00:00:00.000000 UTC
272,9373f5,2020-01-27 00:00:00.000000 UTC
57,4330a5,2020-01-27 00:00:00.000000 UTC
10,36dbe2,2020-01-27 00:00:00.000000 UTC
288,e35f23,2020-01-27 00:00:00.000000 UTC
410,4febb7,2020-04-24 00:00:00.000000 UTC
152,17b25b,2020-04-24 00:00:00.000000 UTC
210,2905d8,2020-04-24 00:00:00.000000 UTC
409,7af144,2020-03-23 00:00:00.000000 UTC
268,1ee2fe,2020-03-23 00:00:00.000000 UTC
263,2e83b4,2020-03-23 00:00:00.000000 UTC
390,467446,2020-03-23 00:00:00.000000 UTC
320,6f4b9e,2020-03-23 00:00:00.000000 UTC
194,f78dc6,2020-03-23 00:00:00.000000 UTC
374,aee327,2020-03-23 00:00:00.000000 UTC
321,11fb62,2020-03-23 00:00:00.000000 UTC
350,bc7f8c,2020-03-23 00:00:00.000000 UTC
154,e30293,2020-03-23 00:00:00.000000 UTC
37,eecf24,2020-03-23 00:00:00.000000 UTC
261,f9dc33,2020-03-10 00:00:00.000000 UTC
279,071bc6,2020-03-10 00:00:00.000000 UTC
254,2b322c,2020-03-10 00:00:00.000000 UTC
300,b708af,2020-03-10 00:00:00.000000 UTC
189,6008f3,2020-03-10 00:00:00.000000 UTC
66,7d03cf,2020-03-10 00:00:00.000000 UTC
340,e974ed,2020-03-10 00:00:00.000000 UTC
485,40d12c,2020-03-10 00:00:00.000000 UTC
448,cc50ed,2020-03-10 00:00:00.000000 UTC
54,45f8bf,2020-03-10 00:00:00.000000 UTC
219,64759a,2020-03-10 00:00:00.000000 UTC
318,2e1e29,2020-03-10 00:00:00.000000 UTC
180,27beba,2020-03-10 00:00:00.000000 UTC
445,ed8bf0,2020-03-10 00:00:00.000000 UTC
9,45c48c,2020-02-07 00:00:00.000000 UTC
40,d64592,2020-02-07 00:00:00.000000 UTC
221,060ad9,2020-02-07 00:00:00.000000 UTC
250,6c9882,2020-02-07 00:00:00.000000 UTC
278,07cdfd,2020-02-07 00:00:00.000000 UTC
327,b83aac,2020-02-07 00:00:00.000000 UTC
472,ef575e,2020-02-07 00:00:00.000000 UTC
204,855694,2020-02-07 00:00:00.000000 UTC
278,69930a,2020-02-07 00:00:00.000000 UTC
464,fc85d6,2020-02-07 00:00:00.000000 UTC
204,9310d5,2020-02-07 00:00:00.000000 UTC
62,8480e0,2020-02-07 00:00:00.000000 UTC
455,218077,2020-02-07 00:00:00.000000 UTC
60,d8fe2e,2020-02-07 00:00:00.000000 UTC
93,5fb432,2020-02-07 00:00:00.000000 UTC
155,29ed17,2020-02-07 00:00:00.000000 UTC
121,33d283,2020-02-07 00:00:00.000000 UTC
175,19450a,2020-05-05 00:00:00.000000 UTC
16,c74d97,2020-01-06 00:00:00.000000 UTC
57,72b32a,2020-01-06 00:00:00.000000 UTC
176,38af86,2020-01-06 00:00:00.000000 UTC
181,fc2213,2020-01-06 00:00:00.000000 UTC
226,9cfdf1,2020-01-06 00:00:00.000000 UTC
233,e16542,2020-01-06 00:00:00.000000 UTC
364,bac916,2020-01-06 00:00:00.000000 UTC
365,9be40c,2020-01-06 00:00:00.000000 UTC
405,bbcbff,2020-01-06 00:00:00.000000 UTC
413,0deb1c,2020-01-06 00:00:00.000000 UTC
424,3c7781,2020-01-06 00:00:00.000000 UTC
430,f74909,2020-01-06 00:00:00.000000 UTC
498,d6a834,2020-01-06 00:00:00.000000 UTC
195,66f866,2020-01-06 00:00:00.000000 UTC
389,a96443,2020-01-06 00:00:00.000000 UTC
364,a7dc45,2020-01-06 00:00:00.000000 UTC
124,593a35,2020-01-06 00:00:00.000000 UTC
261,822069,2020-04-03 00:00:00.000000 UTC
28,25ffae,2020-04-03 00:00:00.000000 UTC
45,5e7177,2020-04-03 00:00:00.000000 UTC
378,b2d0ec,2020-04-03 00:00:00.000000 UTC
318,f99055,2020-04-03 00:00:00.000000 UTC
297,1946d7,2020-04-03 00:00:00.000000 UTC
199,f7dc81,2020-04-03 00:00:00.000000 UTC
274,0025a4,2020-04-03 00:00:00.000000 UTC
359,fa8325,2020-03-02 00:00:00.000000 UTC
265,b581b0,2020-03-02 00:00:00.000000 UTC
161,0582c3,2020-03-02 00:00:00.000000 UTC
110,c59a86,2020-03-02 00:00:00.000000 UTC
443,2846e0,2020-03-02 00:00:00.000000 UTC
367,04273a,2020-03-02 00:00:00.000000 UTC
119,0feb5d,2020-03-02 00:00:00.000000 UTC
353,e52fd7,2020-03-02 00:00:00.000000 UTC
54,2f3541,2020-03-02 00:00:00.000000 UTC
231,4ecb83,2020-03-02 00:00:00.000000 UTC
474,16920d,2020-03-02 00:00:00.000000 UTC
383,a74f6f,2020-03-02 00:00:00.000000 UTC
377,91f222,2020-03-02 00:00:00.000000 UTC
250,e556f6,2020-03-02 00:00:00.000000 UTC
459,57d02a,2020-03-02 00:00:00.000000 UTC
260,3d83d3,2020-03-02 00:00:00.000000 UTC
380,45ba1f,2020-03-02 00:00:00.000000 UTC
351,c812a8,2020-03-02 00:00:00.000000 UTC
133,081823,2020-03-02 00:00:00.000000 UTC
80,faf340,2020-03-02 00:00:00.000000 UTC
216,2ecd95,2020-03-02 00:00:00.000000 UTC
326,78afce,2020-03-02 00:00:00.000000 UTC
85,90090d,2020-03-02 00:00:00.000000 UTC
224,e2ee43,2020-03-02 00:00:00.000000 UTC
327,18d9ce,2020-03-02 00:00:00.000000 UTC
54,a684ec,2020-01-30 00:00:00.000000 UTC
154,1d7f7a,2020-01-30 00:00:00.000000 UTC
208,091d58,2020-01-30 00:00:00.000000 UTC
239,555d67,2020-01-30 00:00:00.000000 UTC
335,f9b902,2020-01-30 00:00:00.000000 UTC
357,fb7b9f,2020-01-30 00:00:00.000000 UTC
362,c3e878,2020-01-30 00:00:00.000000 UTC
469,dc6a64,2020-01-30 00:00:00.000000 UTC
66,c02ce6,2020-01-30 00:00:00.000000 UTC
356,37c844,2020-01-30 00:00:00.000000 UTC
38,515ef6,2020-01-30 00:00:00.000000 UTC
325,1e776a,2020-01-30 00:00:00.000000 UTC
471,7f747b,2020-01-30 00:00:00.000000 UTC
252,5900f6,2020-01-30 00:00:00.000000 UTC
232,599af0,2020-01-30 00:00:00.000000 UTC
274,6f0d75,2020-01-30 00:00:00.000000 UTC
140,c3aede,2020-01-30 00:00:00.000000 UTC
438,09f766,2020-01-30 00:00:00.000000 UTC
405,78bfe4,2020-01-30 00:00:00.000000 UTC
375,13a2c2,2020-01-30 00:00:00.000000 UTC
277,2a53fd,2020-01-30 00:00:00.000000 UTC
380,e33b61,2020-01-30 00:00:00.000000 UTC
384,ae2a28,2020-01-30 00:00:00.000000 UTC
394,7c63c2,2020-01-30 00:00:00.000000 UTC
245,6f9d5d,2020-01-30 00:00:00.000000 UTC
121,c5f4d3,2020-01-30 00:00:00.000000 UTC
171,ad0e0b,2020-01-30 00:00:00.000000 UTC
198,c37668,2020-01-30 00:00:00.000000 UTC
393,73b2a6,2020-04-27 00:00:00.000000 UTC
12,648115,2020-04-27 00:00:00.000000 UTC
440,ff9338,2020-03-26 00:00:00.000000 UTC
466,55c55b,2020-03-26 00:00:00.000000 UTC
486,12d9ac,2020-03-26 00:00:00.000000 UTC
462,db1906,2020-03-26 00:00:00.000000 UTC
141,3a4b22,2020-03-26 00:00:00.000000 UTC
329,ab0696,2020-03-26 00:00:00.000000 UTC
9,921931,2020-03-26 00:00:00.000000 UTC
41,72b2a9,2020-03-26 00:00:00.000000 UTC
386,54b87d,2020-03-26 00:00:00.000000 UTC
370,d0b642,2020-03-26 00:00:00.000000 UTC
492,5d8f47,2020-03-26 00:00:00.000000 UTC
84,68d30a,2020-02-23 00:00:00.000000 UTC
106,f0935e,2020-02-23 00:00:00.000000 UTC
166,7e7757,2020-02-23 00:00:00.000000 UTC
188,9dcb88,2020-02-23 00:00:00.000000 UTC
209,b1d10e,2020-02-23 00:00:00.000000 UTC
210,6f3ef7,2020-02-23 00:00:00.000000 UTC
263,8c19f5,2020-02-23 00:00:00.000000 UTC
268,8f121c,2020-02-23 00:00:00.000000 UTC
320,320722,2020-02-23 00:00:00.000000 UTC
494,1be3bc,2020-02-23 00:00:00.000000 UTC
258,aad28d,2020-02-23 00:00:00.000000 UTC
327,c2b807,2020-02-23 00:00:00.000000 UTC
250,019dcc,2020-02-23 00:00:00.000000 UTC
20,d46a1c,2020-02-23 00:00:00.000000 UTC
114,50261e,2020-02-23 00:00:00.000000 UTC
153,47b872,2020-02-23 00:00:00.000000 UTC
457,85daae,2020-02-23 00:00:00.000000 UTC
105,9cd08f,2020-02-23 00:00:00.000000 UTC
55,69885d,2020-02-23 00:00:00.000000 UTC
228,a4556b,2020-02-23 00:00:00.000000 UTC
471,370b14,2020-02-23 00:00:00.000000 UTC
426,cf70f0,2020-02-23 00:00:00.000000 UTC
420,1d97a9,2020-02-23 00:00:00.000000 UTC
64,3ea186,2020-02-23 00:00:00.000000 UTC
406,3e84f6,2020-02-23 00:00:00.000000 UTC
434,2a532c,2020-02-23 00:00:00.000000 UTC
11,0af642,2020-02-23 00:00:00.000000 UTC
471,82aae1,2020-02-23 00:00:00.000000 UTC
49,d345a8,2020-02-23 00:00:00.000000 UTC
35,1c383c,2020-01-22 00:00:00.000000 UTC
80,f033ab,2020-01-22 00:00:00.000000 UTC
145,2b24d4,2020-01-22 00:00:00.000000 UTC
182,4c5bde,2020-01-22 00:00:00.000000 UTC
211,eb1637,2020-01-22 00:00:00.000000 UTC
230,6da900,2020-01-22 00:00:00.000000 UTC
244,918890,2020-01-22 00:00:00.000000 UTC
333,310dcb,2020-01-22 00:00:00.000000 UTC
347,c5ff25,2020-01-22 00:00:00.000000 UTC
482,f770b6,2020-01-22 00:00:00.000000 UTC
489,854d9f,2020-01-22 00:00:00.000000 UTC
75,396d06,2020-01-22 00:00:00.000000 UTC
127,17ccc5,2020-01-22 00:00:00.000000 UTC
247,0d1395,2020-01-22 00:00:00.000000 UTC
366,8d0ac0,2020-01-22 00:00:00.000000 UTC
87,7de4e2,2020-01-22 00:00:00.000000 UTC
482,e3ab4c,2020-01-22 00:00:00.000000 UTC
441,543a2f,2020-04-19 00:00:00.000000 UTC
42,1306da,2020-03-18 00:00:00.000000 UTC
56,691f39,2020-03-18 00:00:00.000000 UTC
56,658d6c,2020-03-18 00:00:00.000000 UTC
7,f3f25d,2020-03-18 00:00:00.000000 UTC
106,c20a23,2020-03-18 00:00:00.000000 UTC
237,092d3d,2020-03-18 00:00:00.000000 UTC
257,114144,2020-03-18 00:00:00.000000 UTC
67,a7af4a,2020-03-18 00:00:00.000000 UTC
77,2f98e5,2020-03-18 00:00:00.000000 UTC
43,d643d2,2020-03-18 00:00:00.000000 UTC
21,a16550,2020-03-18 00:00:00.000000 UTC
296,ecfc8f,2020-03-18 00:00:00.000000 UTC
494,4c0e26,2020-03-18 00:00:00.000000 UTC
199,30cf50,2020-03-18 00:00:00.000000 UTC
369,3e976d,2020-03-18 00:00:00.000000 UTC
480,43ab26,2020-03-18 00:00:00.000000 UTC
274,98fea4,2020-03-18 00:00:00.000000 UTC
228,b0240a,2020-03-18 00:00:00.000000 UTC
209,421e91,2020-03-18 00:00:00.000000 UTC
64,87a4ba,2020-03-18 00:00:00.000000 UTC
179,8f5329,2020-02-15 00:00:00.000000 UTC
194,a597e5,2020-02-15 00:00:00.000000 UTC
313,158f30,2020-02-15 00:00:00.000000 UTC
372,24b16f,2020-02-15 00:00:00.000000 UTC
383,beed13,2020-02-15 00:00:00.000000 UTC
408,0d0fd7,2020-02-15 00:00:00.000000 UTC
184,a446d3,2020-02-15 00:00:00.000000 UTC
111,24f5a5,2020-02-15 00:00:00.000000 UTC
127,7d2ebf,2020-02-15 00:00:00.000000 UTC
131,eee875,2020-02-15 00:00:00.000000 UTC
45,fe7770,2020-02-15 00:00:00.000000 UTC
102,1f778d,2020-02-15 00:00:00.000000 UTC
95,afad54,2020-02-15 00:00:00.000000 UTC
112,8fcbe4,2020-02-15 00:00:00.000000 UTC
158,d1769c,2020-02-15 00:00:00.000000 UTC
211,dee29e,2020-02-15 00:00:00.000000 UTC
379,f1a3d4,2020-02-15 00:00:00.000000 UTC
97,c2ad4f,2020-02-15 00:00:00.000000 UTC
200,cf1a69,2020-02-15 00:00:00.000000 UTC
392,863bdd,2020-02-15 00:00:00.000000 UTC
77,28dd2c,2020-01-14 00:00:00.000000 UTC
136,42a0e1,2020-01-14 00:00:00.000000 UTC
163,0777d5,2020-01-14 00:00:00.000000 UTC
218,e96ed4,2020-01-14 00:00:00.000000 UTC
314,758874,2020-01-14 00:00:00.000000 UTC
366,5ef698,2020-01-14 00:00:00.000000 UTC
421,e0c641,2020-01-14 00:00:00.000000 UTC
453,49ae49,2020-01-14 00:00:00.000000 UTC
461,0353ab,2020-01-14 00:00:00.000000 UTC
481,9461cc,2020-01-14 00:00:00.000000 UTC
391,0c7d02,2020-01-14 00:00:00.000000 UTC
233,9fdf0a,2020-01-14 00:00:00.000000 UTC
238,80294f,2020-01-14 00:00:00.000000 UTC
126,d87c9b,2020-01-14 00:00:00.000000 UTC
401,a37cbf,2020-01-14 00:00:00.000000 UTC
210,ed7347,2020-04-11 00:00:00.000000 UTC
440,7ba91a,2020-04-11 00:00:00.000000 UTC
241,a5dabc,2020-04-11 00:00:00.000000 UTC
439,6c8311,2020-04-11 00:00:00.000000 UTC
157,e24ca5,2020-04-11 00:00:00.000000 UTC
307,2895d2,2020-04-11 00:00:00.000000 UTC
31,0065c3,2020-04-11 00:00:00.000000 UTC
8,a147a0,2020-04-11 00:00:00.000000 UTC
459,cdb72c,2020-04-11 00:00:00.000000 UTC
28,5a6b2b,2020-03-29 00:00:00.000000 UTC
152,6a570d,2020-03-29 00:00:00.000000 UTC
419,e16ce1,2020-03-29 00:00:00.000000 UTC
284,a2ee85,2020-03-29 00:00:00.000000 UTC
25,82bc98,2020-03-29 00:00:00.000000 UTC
264,604874,2020-03-29 00:00:00.000000 UTC
180,427eb3,2020-03-29 00:00:00.000000 UTC
25,46dd2f,2020-03-29 00:00:00.000000 UTC
76,fbd793,2020-02-26 00:00:00.000000 UTC
81,43ec51,2020-02-26 00:00:00.000000 UTC
134,02522a,2020-02-26 00:00:00.000000 UTC
170,149e96,2020-02-26 00:00:00.000000 UTC
223,115f89,2020-02-26 00:00:00.000000 UTC
256,f71849,2020-02-26 00:00:00.000000 UTC
276,db8e1a,2020-02-26 00:00:00.000000 UTC
370,d709f3,2020-02-26 00:00:00.000000 UTC
437,fccb60,2020-02-26 00:00:00.000000 UTC
480,6ea2ef,2020-02-26 00:00:00.000000 UTC
390,8a4289,2020-02-26 00:00:00.000000 UTC
400,169dd3,2020-02-26 00:00:00.000000 UTC
9,358e24,2020-02-26 00:00:00.000000 UTC
1,026a9a,2020-02-26 00:00:00.000000 UTC
50,18f57c,2020-02-26 00:00:00.000000 UTC
231,172c5b,2020-02-26 00:00:00.000000 UTC
66,d5f9a8,2020-02-26 00:00:00.000000 UTC
377,3551ae,2020-02-26 00:00:00.000000 UTC
219,236a79,2020-02-26 00:00:00.000000 UTC
52,48c70d,2020-02-26 00:00:00.000000 UTC
5,6e3db3,2020-02-26 00:00:00.000000 UTC
269,f9fdc4,2020-02-26 00:00:00.000000 UTC
75,f9a579,2020-02-26 00:00:00.000000 UTC
85,c8d024,2020-02-26 00:00:00.000000 UTC
162,019287,2020-02-26 00:00:00.000000 UTC
450,ba275f,2020-02-26 00:00:00.000000 UTC
435,48c3fb,2020-02-26 00:00:00.000000 UTC
103,0cf906,2020-02-26 00:00:00.000000 UTC
6,167909,2020-01-25 00:00:00.000000 UTC
46,d9d4f4,2020-01-25 00:00:00.000000 UTC
317,5b8add,2020-01-25 00:00:00.000000 UTC
340,40008b,2020-01-25 00:00:00.000000 UTC
378,8bf121,2020-01-25 00:00:00.000000 UTC
420,b6f047,2020-01-25 00:00:00.000000 UTC
448,9b70e8,2020-01-25 00:00:00.000000 UTC
272,8a1587,2020-01-25 00:00:00.000000 UTC
424,74c435,2020-01-25 00:00:00.000000 UTC
227,a82631,2020-01-25 00:00:00.000000 UTC
173,32b30d,2020-01-25 00:00:00.000000 UTC
345,1d81a0,2020-01-25 00:00:00.000000 UTC
16,2a9154,2020-01-25 00:00:00.000000 UTC
280,1c6925,2020-03-21 00:00:00.000000 UTC
203,a30061,2020-03-21 00:00:00.000000 UTC
258,74f5ea,2020-03-21 00:00:00.000000 UTC
84,e1890a,2020-03-21 00:00:00.000000 UTC
425,206240,2020-03-21 00:00:00.000000 UTC
462,1e8c2d,2020-03-21 00:00:00.000000 UTC
236,3f0641,2020-03-21 00:00:00.000000 UTC
223,eae65a,2020-03-21 00:00:00.000000 UTC
291,58c5ce,2020-03-21 00:00:00.000000 UTC
448,1893d2,2020-03-21 00:00:00.000000 UTC
237,5df013,2020-03-21 00:00:00.000000 UTC
225,af9a20,2020-03-21 00:00:00.000000 UTC
123,c4341f,2020-03-21 00:00:00.000000 UTC
219,f4c5d6,2020-03-21 00:00:00.000000 UTC
74,631d53,2020-03-21 00:00:00.000000 UTC
39,69a6d0,2020-03-21 00:00:00.000000 UTC
468,e38549,2020-03-21 00:00:00.000000 UTC
430,750a79,2020-03-21 00:00:00.000000 UTC
191,e83169,2020-03-21 00:00:00.000000 UTC
104,c9e107,2020-02-18 00:00:00.000000 UTC
153,b3e3e3,2020-02-18 00:00:00.000000 UTC
222,bcbe33,2020-02-18 00:00:00.000000 UTC
339,040259,2020-02-18 00:00:00.000000 UTC
351,efe937,2020-02-18 00:00:00.000000 UTC
359,c058f5,2020-02-18 00:00:00.000000 UTC
377,d34ab1,2020-02-18 00:00:00.000000 UTC
395,154384,2020-02-18 00:00:00.000000 UTC
466,e836d8,2020-02-18 00:00:00.000000 UTC
478,cfee39,2020-02-18 00:00:00.000000 UTC
496,f2dca6,2020-02-18 00:00:00.000000 UTC
192,512d3f,2020-02-18 00:00:00.000000 UTC
153,b28827,2020-02-18 00:00:00.000000 UTC
336,8bfb56,2020-02-18 00:00:00.000000 UTC
55,274c8f,2020-02-18 00:00:00.000000 UTC
386,001652,2020-02-18 00:00:00.000000 UTC
253,7cd97b,2020-02-18 00:00:00.000000 UTC
199,62e9b2,2020-02-18 00:00:00.000000 UTC
460,a4a9fd,2020-02-18 00:00:00.000000 UTC
434,49cb32,2020-02-18 00:00:00.000000 UTC
11,220095,2020-02-18 00:00:00.000000 UTC
240,7c3d5f,2020-02-18 00:00:00.000000 UTC
148,967c5f,2020-02-18 00:00:00.000000 UTC
197,44b73b,2020-02-18 00:00:00.000000 UTC
323,90ea04,2020-02-18 00:00:00.000000 UTC
56,48f6a4,2020-05-16 00:00:00.000000 UTC
11,6512bd,2020-01-17 00:00:00.000000 UTC
143,903ce9,2020-01-17 00:00:00.000000 UTC
232,be83ab,2020-01-17 00:00:00.000000 UTC
368,cf004f,2020-01-17 00:00:00.000000 UTC
388,d9fc5b,2020-01-17 00:00:00.000000 UTC
407,f4f6dc,2020-01-17 00:00:00.000000 UTC
245,92cd7f,2020-01-17 00:00:00.000000 UTC
124,755606,2020-01-17 00:00:00.000000 UTC
124,d194c5,2020-01-17 00:00:00.000000 UTC
67,4a95e1,2020-04-14 00:00:00.000000 UTC
115,d7df7b,2020-04-14 00:00:00.000000 UTC
348,33660d,2020-04-14 00:00:00.000000 UTC
477,3739cc,2020-03-13 00:00:00.000000 UTC
282,676ce3,2020-03-13 00:00:00.000000 UTC
241,0f7a74,2020-03-13 00:00:00.000000 UTC
458,74e816,2020-03-13 00:00:00.000000 UTC
47,617d26,2020-03-13 00:00:00.000000 UTC
261,2bb4ed,2020-03-13 00:00:00.000000 UTC
342,039c72,2020-03-13 00:00:00.000000 UTC
494,b34a08,2020-03-13 00:00:00.000000 UTC
33,7b0525,2020-03-13 00:00:00.000000 UTC
311,957b3a,2020-03-13 00:00:00.000000 UTC
468,fde9a4,2020-03-13 00:00:00.000000 UTC
31,67c175,2020-03-13 00:00:00.000000 UTC
339,e389ce,2020-03-13 00:00:00.000000 UTC
243,ef7e71,2020-03-13 00:00:00.000000 UTC
350,be83ce,2020-03-13 00:00:00.000000 UTC
292,925864,2020-03-13 00:00:00.000000 UTC
244,12010e,2020-03-13 00:00:00.000000 UTC
459,b5f8df,2020-03-13 00:00:00.000000 UTC
135,7f1de2,2020-02-10 00:00:00.000000 UTC
202,854d6f,2020-02-10 00:00:00.000000 UTC
265,e56954,2020-02-10 00:00:00.000000 UTC
321,caf1a3,2020-02-10 00:00:00.000000 UTC
342,58238e,2020-02-10 00:00:00.000000 UTC
481,81c3a3,2020-02-10 00:00:00.000000 UTC
491,00f35a,2020-02-10 00:00:00.000000 UTC
396,d56bc0,2020-02-10 00:00:00.000000 UTC
387,97907c,2020-02-10 00:00:00.000000 UTC
471,dc5df4,2020-02-10 00:00:00.000000 UTC
275,dae6f5,2020-02-10 00:00:00.000000 UTC
456,12bf9d,2020-02-10 00:00:00.000000 UTC
207,fbc378,2020-02-10 00:00:00.000000 UTC
406,1fa9dc,2020-02-10 00:00:00.000000 UTC
97,50234d,2020-02-10 00:00:00.000000 UTC
387,e5cc5f,2020-02-10 00:00:00.000000 UTC
463,5cf21f,2020-02-10 00:00:00.000000 UTC
169,c796bd,2020-02-10 00:00:00.000000 UTC
232,5ea2a4,2020-02-10 00:00:00.000000 UTC
355,8c6d48,2020-02-10 00:00:00.000000 UTC
444,7f2a9f,2020-02-10 00:00:00.000000 UTC
78,02ab48,2020-02-10 00:00:00.000000 UTC
24,f4b5e8,2020-02-10 00:00:00.000000 UTC
393,ea7f11,2020-05-08 00:00:00.000000 UTC
188,7de6a5,2020-05-08 00:00:00.000000 UTC
41,3416a7,2020-01-09 00:00:00.000000 UTC
91,54229a,2020-01-09 00:00:00.000000 UTC
293,53c3bc,2020-01-09 00:00:00.000000 UTC
334,2f2b26,2020-01-09 00:00:00.000000 UTC
402,69cb3e,2020-01-09 00:00:00.000000 UTC
465,68ce19,2020-01-09 00:00:00.000000 UTC
379,8884d5,2020-01-09 00:00:00.000000 UTC
483,d614e6,2020-01-09 00:00:00.000000 UTC
205,12715b,2020-01-09 00:00:00.000000 UTC
409,23f3f8,2020-04-06 00:00:00.000000 UTC
196,c021a4,2020-04-06 00:00:00.000000 UTC
31,f381a3,2020-04-06 00:00:00.000000 UTC
120,cc15a8,2020-04-06 00:00:00.000000 UTC
306,2dc589,2020-04-06 00:00:00.000000 UTC
358,88868f,2020-04-06 00:00:00.000000 UTC
264,e3fc3a,2020-03-05 00:00:00.000000 UTC
8,0bcfa1,2020-03-05 00:00:00.000000 UTC
134,0aedd9,2020-03-05 00:00:00.000000 UTC
313,061fca,2020-03-05 00:00:00.000000 UTC
291,821878,2020-03-05 00:00:00.000000 UTC
202,3c7567,2020-03-05 00:00:00.000000 UTC
107,a6aa7d,2020-03-05 00:00:00.000000 UTC
318,99c849,2020-03-05 00:00:00.000000 UTC
116,2113aa,2020-03-05 00:00:00.000000 UTC
395,04df4c,2020-03-05 00:00:00.000000 UTC
294,dc62d6,2020-03-05 00:00:00.000000 UTC
495,eef00f,2020-03-05 00:00:00.000000 UTC
61,31ef81,2020-03-05 00:00:00.000000 UTC
83,c3fe7f,2020-03-05 00:00:00.000000 UTC
151,ad1977,2020-03-05 00:00:00.000000 UTC
325,aa36be,2020-03-05 00:00:00.000000 UTC
470,19c358,2020-03-05 00:00:00.000000 UTC
26,68756b,2020-03-05 00:00:00.000000 UTC
36,93e554,2020-03-05 00:00:00.000000 UTC
102,1ef2ec,2020-03-05 00:00:00.000000 UTC
30,34173c,2020-02-02 00:00:00.000000 UTC
108,a3c65c,2020-02-02 00:00:00.000000 UTC
162,82aa4b,2020-02-02 00:00:00.000000 UTC
231,9b04d1,2020-02-02 00:00:00.000000 UTC
324,f2fc99,2020-02-02 00:00:00.000000 UTC
406,8cb22b,2020-02-02 00:00:00.000000 UTC
493,2f5570,2020-02-02 00:00:00.000000 UTC
219,b4cfe6,2020-02-02 00:00:00.000000 UTC
44,0426be,2020-02-02 00:00:00.000000 UTC
493,257302,2020-02-02 00:00:00.000000 UTC
448,36a581,2020-02-02 00:00:00.000000 UTC
98,5d36cb,2020-02-02 00:00:00.000000 UTC
229,fae8ce,2020-02-02 00:00:00.000000 UTC
463,80879b,2020-02-02 00:00:00.000000 UTC
252,1d1488,2020-02-02 00:00:00.000000 UTC
489,8db5ce,2020-02-02 00:00:00.000000 UTC
125,1194cc,2020-02-02 00:00:00.000000 UTC
39,a9e0c3,2020-02-02 00:00:00.000000 UTC
392,6ae143,2020-02-02 00:00:00.000000 UTC
218,3e9d84,2020-02-02 00:00:00.000000 UTC
187,0e7a8c,2020-02-02 00:00:00.000000 UTC
405,f4eabe,2020-02-02 00:00:00.000000 UTC
334,83c90d,2020-02-02 00:00:00.000000 UTC
487,5667ad,2020-02-02 00:00:00.000000 UTC
405,26e8e9,2020-02-02 00:00:00.000000 UTC
124,c8ffe9,2020-01-01 00:00:00.000000 UTC
146,a5e001,2020-01-01 00:00:00.000000 UTC
379,a02ffd,2020-01-01 00:00:00.000000 UTC
391,5a4b25,2020-01-01 00:00:00.000000 UTC
295,3d502b,2020-03-16 00:00:00.000000 UTC
254,0b7c24,2020-03-16 00:00:00.000000 UTC
192,43d4f4,2020-03-16 00:00:00.000000 UTC
165,335c55,2020-03-16 00:00:00.000000 UTC
353,689ed8,2020-03-16 00:00:00.000000 UTC
208,4d952d,2020-03-16 00:00:00.000000 UTC
161,182fc4,2020-03-16 00:00:00.000000 UTC
214,8c3236,2020-03-16 00:00:00.000000 UTC
31,c16a53,2020-02-13 00:00:00.000000 UTC
50,c0c7c7,2020-02-13 00:00:00.000000 UTC
73,d2ddea,2020-02-13 00:00:00.000000 UTC
120,da4fb5,2020-02-13 00:00:00.000000 UTC
139,e00da0,2020-02-13 00:00:00.000000 UTC
261,b1a59b,2020-02-13 00:00:00.000000 UTC
282,6a9aed,2020-02-13 00:00:00.000000 UTC
341,3dd48a,2020-02-13 00:00:00.000000 UTC
419,7eacb5,2020-02-13 00:00:00.000000 UTC
53,192a3f,2020-02-13 00:00:00.000000 UTC
404,fa1681,2020-02-13 00:00:00.000000 UTC
281,776595,2020-02-13 00:00:00.000000 UTC
240,624702,2020-02-13 00:00:00.000000 UTC
297,1e7467,2020-02-13 00:00:00.000000 UTC
108,742286,2020-02-13 00:00:00.000000 UTC
302,341488,2020-02-13 00:00:00.000000 UTC
495,0774fb,2020-02-13 00:00:00.000000 UTC
68,a9d3f0,2020-02-13 00:00:00.000000 UTC
40,831039,2020-02-13 00:00:00.000000 UTC
418,c3f9df,2020-02-13 00:00:00.000000 UTC
298,c2b6fb,2020-02-13 00:00:00.000000 UTC
288,dc65c5,2020-02-13 00:00:00.000000 UTC
316,6fd08e,2020-02-13 00:00:00.000000 UTC
490,34cc8e,2020-02-13 00:00:00.000000 UTC
261,9f3a01,2020-05-11 00:00:00.000000 UTC
14,aab323,2020-01-12 00:00:00.000000 UTC
82,9778d5,2020-01-12 00:00:00.000000 UTC
103,6974ce,2020-01-12 00:00:00.000000 UTC
204,274ad4,2020-01-12 00:00:00.000000 UTC
403,bbf94b,2020-01-12 00:00:00.000000 UTC
442,c203d8,2020-01-12 00:00:00.000000 UTC
68,714e75,2020-01-12 00:00:00.000000 UTC
212,423f8d,2020-01-12 00:00:00.000000 UTC
466,25c0ae,2020-04-09 00:00:00.000000 UTC
188,6575e1,2020-04-09 00:00:00.000000 UTC
48,50fbda,2020-04-09 00:00:00.000000 UTC
223,534f9b,2020-04-09 00:00:00.000000 UTC
111,c70dec,2020-04-09 00:00:00.000000 UTC
439,588295,2020-03-08 00:00:00.000000 UTC
486,6c006d,2020-03-08 00:00:00.000000 UTC
179,17429f,2020-03-08 00:00:00.000000 UTC
196,c2d632,2020-03-08 00:00:00.000000 UTC
134,53c9e0,2020-03-08 00:00:00.000000 UTC
343,5eb280,2020-03-08 00:00:00.000000 UTC
79,3bb75e,2020-03-08 00:00:00.000000 UTC
378,85e66c,2020-03-08 00:00:00.000000 UTC
264,3cfd39,2020-03-08 00:00:00.000000 UTC
109,1c1827,2020-03-08 00:00:00.000000 UTC
287,63bd64,2020-03-08 00:00:00.000000 UTC
495,bbb0d5,2020-03-08 00:00:00.000000 UTC
68,c2f826,2020-03-08 00:00:00.000000 UTC
83,30f0db,2020-03-08 00:00:00.000000 UTC
147,8d5e95,2020-02-05 00:00:00.000000 UTC
174,bf8229,2020-02-05 00:00:00.000000 UTC
264,d6baf6,2020-02-05 00:00:00.000000 UTC
348,01386b,2020-02-05 00:00:00.000000 UTC
454,e44fea,2020-02-05 00:00:00.000000 UTC
41,41dd88,2020-02-05 00:00:00.000000 UTC
260,3860f0,2020-02-05 00:00:00.000000 UTC
402,0885ad,2020-02-05 00:00:00.000000 UTC
131,0fc658,2020-02-05 00:00:00.000000 UTC
242,2b4063,2020-02-05 00:00:00.000000 UTC
308,aeb302,2020-02-05 00:00:00.000000 UTC
325,bf54d8,2020-02-05 00:00:00.000000 UTC
444,433d04,2020-02-05 00:00:00.000000 UTC
38,213cf6,2020-02-05 00:00:00.000000 UTC
206,8dfcc4,2020-02-05 00:00:00.000000 UTC
316,8c2ea6,2020-02-05 00:00:00.000000 UTC
215,827828,2020-02-05 00:00:00.000000 UTC
113,728449,2020-05-03 00:00:00.000000 UTC
56,54e5cc,2020-05-03 00:00:00.000000 UTC
322,aab11a,2020-05-03 00:00:00.000000 UTC
300,b6e0ba,2020-05-03 00:00:00.000000 UTC
322,ba5cd6,2020-05-03 00:00:00.000000 UTC
51,283802,2020-01-04 00:00:00.000000 UTC
70,7cbbc4,2020-01-04 00:00:00.000000 UTC
127,ec5dec,2020-01-04 00:00:00.000000 UTC
190,cfecdb,2020-01-04 00:00:00.000000 UTC
206,7eabe3,2020-01-04 00:00:00.000000 UTC
303,11b984,2020-01-04 00:00:00.000000 UTC
352,371bce,2020-01-04 00:00:00.000000 UTC
498,05f971,2020-01-04 00:00:00.000000 UTC
205,bcf585,2020-01-04 00:00:00.000000 UTC
359,91c1e4,2020-04-01 00:00:00.000000 UTC
165,ce3d64,2020-04-01 00:00:00.000000 UTC
313,caf566,2020-04-01 00:00:00.000000 UTC
189,8f11c3,2020-04-01 00:00:00.000000 UTC
217,642b76,2020-04-01 00:00:00.000000 UTC
202,8f0f31,2020-04-01 00:00:00.000000 UTC
18,6f4922,2020-02-29 00:00:00.000000 UTC
28,33e75f,2020-02-29 00:00:00.000000 UTC
42,a1d0c6,2020-02-29 00:00:00.000000 UTC
307,8e98d8,2020-02-29 00:00:00.000000 UTC
343,3ad7c2,2020-02-29 00:00:00.000000 UTC
385,dc912a,2020-02-29 00:00:00.000000 UTC
414,66808e,2020-02-29 00:00:00.000000 UTC
423,faa9af,2020-02-29 00:00:00.000000 UTC
414,c51cb1,2020-02-29 00:00:00.000000 UTC
170,3116b3,2020-02-29 00:00:00.000000 UTC
351,dbc2c0,2020-02-29 00:00:00.000000 UTC
473,7c4f97,2020-02-29 00:00:00.000000 UTC
320,612cc4,2020-02-29 00:00:00.000000 UTC
165,ca1bca,2020-02-29 00:00:00.000000 UTC
336,0644ee,2020-02-29 00:00:00.000000 UTC
318,11270e,2020-02-29 00:00:00.000000 UTC
339,cdfa92,2020-02-29 00:00:00.000000 UTC
13,c39c27,2020-02-29 00:00:00.000000 UTC
267,65fe83,2020-02-29 00:00:00.000000 UTC
216,d0acc5,2020-02-29 00:00:00.000000 UTC
39,b42dea,2020-02-29 00:00:00.000000 UTC
62,181819,2020-02-29 00:00:00.000000 UTC
406,26d52f,2020-02-29 00:00:00.000000 UTC
181,2d04f6,2020-02-29 00:00:00.000000 UTC
256,7501b6,2020-02-29 00:00:00.000000 UTC
130,6208a6,2020-02-29 00:00:00.000000 UTC
15,9bf31c,2020-01-28 00:00:00.000000 UTC
38,a5771b,2020-01-28 00:00:00.000000 UTC
112,7f6ffa,2020-01-28 00:00:00.000000 UTC
140,138597,2020-01-28 00:00:00.000000 UTC
157,6c4b76,2020-01-28 00:00:00.000000 UTC
207,69adc1,2020-01-28 00:00:00.000000 UTC
228,74db12,2020-01-28 00:00:00.000000 UTC
249,077e29,2020-01-28 00:00:00.000000 UTC
330,fe73f6,2020-01-28 00:00:00.000000 UTC
356,6c524f,2020-01-28 00:00:00.000000 UTC
390,a01a03,2020-01-28 00:00:00.000000 UTC
496,b534ba,2020-01-28 00:00:00.000000 UTC
457,4d2600,2020-01-28 00:00:00.000000 UTC
249,a98cf7,2020-01-28 00:00:00.000000 UTC
436,6b4b9d,2020-01-28 00:00:00.000000 UTC
121,5864bc,2020-01-28 00:00:00.000000 UTC
429,0bb40c,2020-01-28 00:00:00.000000 UTC
273,3c4d72,2020-01-28 00:00:00.000000 UTC
138,11bfeb,2020-01-28 00:00:00.000000 UTC
442,ce3a75,2020-01-28 00:00:00.000000 UTC
436,2986f6,2020-01-28 00:00:00.000000 UTC
176,bfd1bf,2020-01-28 00:00:00.000000 UTC
401,2bc5b5,2020-01-28 00:00:00.000000 UTC
138,bc602e,2020-01-28 00:00:00.000000 UTC
234,64114d,2020-04-25 00:00:00.000000 UTC
221,8bdb06,2020-04-25 00:00:00.000000 UTC
393,7e7a2b,2020-03-24 00:00:00.000000 UTC
354,405f0d,2020-03-24 00:00:00.000000 UTC
254,338349,2020-03-24 00:00:00.000000 UTC
8,e8086a,2020-03-24 00:00:00.000000 UTC
145,44fcb0,2020-03-24 00:00:00.000000 UTC
192,3e9229,2020-03-24 00:00:00.000000 UTC
473,2627f7,2020-03-24 00:00:00.000000 UTC
478,818387,2020-03-24 00:00:00.000000 UTC
469,cb82d4,2020-03-24 00:00:00.000000 UTC
342,7c91a0,2020-03-24 00:00:00.000000 UTC
3,eccbc8,2020-02-21 00:00:00.000000 UTC
48,642e92,2020-02-21 00:00:00.000000 UTC
63,03afdb,2020-02-21 00:00:00.000000 UTC
105,65b9ee,2020-02-21 00:00:00.000000 UTC
164,fa7cdf,2020-02-21 00:00:00.000000 UTC
191,0aa188,2020-02-21 00:00:00.000000 UTC
236,01161a,2020-02-21 00:00:00.000000 UTC
344,b3967a,2020-02-21 00:00:00.000000 UTC
412,b9228e,2020-02-21 00:00:00.000000 UTC
189,082681,2020-02-21 00:00:00.000000 UTC
194,55de18,2020-02-21 00:00:00.000000 UTC
236,c402d4,2020-02-21 00:00:00.000000 UTC
6,a2d56c,2020-02-21 00:00:00.000000 UTC
192,491e89,2020-02-21 00:00:00.000000 UTC
115,0cba92,2020-02-21 00:00:00.000000 UTC
31,35c4ed,2020-02-21 00:00:00.000000 UTC
415,f6325a,2020-02-21 00:00:00.000000 UTC
388,36be44,2020-02-21 00:00:00.000000 UTC
319,1b7be6,2020-02-21 00:00:00.000000 UTC
129,03bdcb,2020-02-21 00:00:00.000000 UTC
162,0e9f84,2020-02-21 00:00:00.000000 UTC
63,7c1a63,2020-02-21 00:00:00.000000 UTC
274,ee8f59,2020-02-21 00:00:00.000000 UTC
140,33bcb0,2020-02-21 00:00:00.000000 UTC
208,b58db0,2020-02-21 00:00:00.000000 UTC
382,b9a0f7,2020-02-21 00:00:00.000000 UTC
325,6ba042,2020-02-21 00:00:00.000000 UTC
456,2ca105,2020-02-21 00:00:00.000000 UTC
252,627b73,2020-02-21 00:00:00.000000 UTC
173,7bfc53,2020-02-21 00:00:00.000000 UTC
40,737d37,2020-02-21 00:00:00.000000 UTC
10,a5eabc,2020-02-21 00:00:00.000000 UTC
368,3b5a90,2020-02-21 00:00:00.000000 UTC
484,057b67,2020-02-21 00:00:00.000000 UTC
277,5ba3b2,2020-02-21 00:00:00.000000 UTC
384,6ddca4,2020-02-21 00:00:00.000000 UTC
330,2bfab9,2020-02-21 00:00:00.000000 UTC
97,e2ef52,2020-01-20 00:00:00.000000 UTC
225,d1c38a,2020-01-20 00:00:00.000000 UTC
235,577ef1,2020-01-20 00:00:00.000000 UTC
287,918317,2020-01-20 00:00:00.000000 UTC
470,263373,2020-01-20 00:00:00.000000 UTC
491,559cb9,2020-01-20 00:00:00.000000 UTC
187,83ed03,2020-01-20 00:00:00.000000 UTC
69,9286bc,2020-01-20 00:00:00.000000 UTC
379,ad655e,2020-01-20 00:00:00.000000 UTC
289,6ed910,2020-01-20 00:00:00.000000 UTC
16,349d38,2020-01-20 00:00:00.000000 UTC
86,0b2c22,2020-04-17 00:00:00.000000 UTC
422,7fb802,2020-04-17 00:00:00.000000 UTC
49,f457c5,2020-01-07 00:00:00.000000 UTC
68,a3f390,2020-01-07 00:00:00.000000 UTC
89,764796,2020-01-07 00:00:00.000000 UTC
121,4c56ff,2020-01-07 00:00:00.000000 UTC
122,a0a080,2020-01-07 00:00:00.000000 UTC
392,f73b76,2020-01-07 00:00:00.000000 UTC
432,248e84,2020-01-07 00:00:00.000000 UTC
436,2421fc,2020-01-07 00:00:00.000000 UTC
444,550a14,2020-01-07 00:00:00.000000 UTC
176,a79bb0,2020-01-07 00:00:00.000000 UTC
198,024588,2020-01-07 00:00:00.000000 UTC
206,a5162a,2020-01-07 00:00:00.000000 UTC
477,00c967,2020-04-04 00:00:00.000000 UTC
84,bf0b5d,2020-04-04 00:00:00.000000 UTC
276,42f483,2020-04-04 00:00:00.000000 UTC
81,611d42,2020-04-04 00:00:00.000000 UTC
337,7a63f8,2020-04-04 00:00:00.000000 UTC
104,d45b22,2020-03-03 00:00:00.000000 UTC
37,9ef039,2020-03-03 00:00:00.000000 UTC
492,dbc5fe,2020-03-03 00:00:00.000000 UTC
294,c88e40,2020-03-03 00:00:00.000000 UTC
290,ff9b4b,2020-03-03 00:00:00.000000 UTC
61,9bb58b,2020-03-03 00:00:00.000000 UTC
178,76f029,2020-03-03 00:00:00.000000 UTC
114,faabc8,2020-03-03 00:00:00.000000 UTC
225,73b2af,2020-03-03 00:00:00.000000 UTC
150,eca8ba,2020-03-03 00:00:00.000000 UTC
246,ade5b6,2020-03-03 00:00:00.000000 UTC
443,6bd6ba,2020-03-03 00:00:00.000000 UTC
199,42d377,2020-03-03 00:00:00.000000 UTC
337,1c8905,2020-03-03 00:00:00.000000 UTC
132,203332,2020-03-03 00:00:00.000000 UTC
114,80c7fe,2020-03-03 00:00:00.000000 UTC
242,c062a6,2020-03-03 00:00:00.000000 UTC
446,cf0e35,2020-03-03 00:00:00.000000 UTC
351,1c0d4d,2020-03-03 00:00:00.000000 UTC
456,fc9433,2020-03-03 00:00:00.000000 UTC
27,02e74f,2020-01-31 00:00:00.000000 UTC
59,093f65,2020-01-31 00:00:00.000000 UTC
160,b73ce3,2020-01-31 00:00:00.000000 UTC
184,6cdd60,2020-01-31 00:00:00.000000 UTC
262,36660e,2020-01-31 00:00:00.000000 UTC
296,d296c1,2020-01-31 00:00:00.000000 UTC
434,a49e94,2020-01-31 00:00:00.000000 UTC
455,821fa7,2020-01-31 00:00:00.000000 UTC
242,c00e5f,2020-01-31 00:00:00.000000 UTC
167,b27eda,2020-01-31 00:00:00.000000 UTC
361,2f9efb,2020-01-31 00:00:00.000000 UTC
330,97d790,2020-01-31 00:00:00.000000 UTC
368,3de596,2020-01-31 00:00:00.000000 UTC
302,d1d417,2020-01-31 00:00:00.000000 UTC
325,ba419e,2020-01-31 00:00:00.000000 UTC
159,2d0973,2020-01-31 00:00:00.000000 UTC
159,84d725,2020-01-31 00:00:00.000000 UTC
259,9f76ef,2020-01-31 00:00:00.000000 UTC
166,78ce0d,2020-04-28 00:00:00.000000 UTC
186,f57804,2020-04-28 00:00:00.000000 UTC
101,85a869,2020-04-28 00:00:00.000000 UTC
84,08494b,2020-04-28 00:00:00.000000 UTC
423,638bde,2020-04-28 00:00:00.000000 UTC
423,2ec9fb,2020-03-27 00:00:00.000000 UTC
25,0a0306,2020-03-27 00:00:00.000000 UTC
251,27ca09,2020-03-27 00:00:00.000000 UTC
297,6699f5,2020-03-27 00:00:00.000000 UTC
337,37d83e,2020-03-27 00:00:00.000000 UTC
19,10e60b,2020-03-27 00:00:00.000000 UTC
336,eb9e2a,2020-03-27 00:00:00.000000 UTC
34,e36985,2020-02-24 00:00:00.000000 UTC
56,9f6140,2020-02-24 00:00:00.000000 UTC
234,289dff,2020-02-24 00:00:00.000000 UTC
254,c52f1b,2020-02-24 00:00:00.000000 UTC
393,70c639,2020-02-24 00:00:00.000000 UTC
400,18d804,2020-02-24 00:00:00.000000 UTC
416,8fe009,2020-02-24 00:00:00.000000 UTC
443,13f3cf,2020-02-24 00:00:00.000000 UTC
462,51d92b,2020-02-24 00:00:00.000000 UTC
443,774295,2020-02-24 00:00:00.000000 UTC
263,1048db,2020-02-24 00:00:00.000000 UTC
478,86ff7b,2020-02-24 00:00:00.000000 UTC
468,3e410c,2020-02-24 00:00:00.000000 UTC
17,85a77b,2020-02-24 00:00:00.000000 UTC
27,f1e53d,2020-02-24 00:00:00.000000 UTC
402,5ecca8,2020-02-24 00:00:00.000000 UTC
156,1b7f3c,2020-02-24 00:00:00.000000 UTC
331,384ea6,2020-02-24 00:00:00.000000 UTC
41,b60112,2020-02-24 00:00:00.000000 UTC
135,dbe2d6,2020-02-24 00:00:00.000000 UTC
94,d65932,2020-02-24 00:00:00.000000 UTC
228,ad1db4,2020-02-24 00:00:00.000000 UTC
167,4351a6,2020-02-24 00:00:00.000000 UTC
314,3b46d1,2020-02-24 00:00:00.000000 UTC
432,bf9484,2020-02-24 00:00:00.000000 UTC
308,0f0071,2020-02-24 00:00:00.000000 UTC
117,5d0d25,2020-02-24 00:00:00.000000 UTC
91,725803,2020-02-24 00:00:00.000000 UTC
10,d3d944,2020-01-23 00:00:00.000000 UTC
24,1ff1de,2020-01-23 00:00:00.000000 UTC
102,ec8956,2020-01-23 00:00:00.000000 UTC
229,57aeee,2020-01-23 00:00:00.000000 UTC
281,e3796a,2020-01-23 00:00:00.000000 UTC
355,82cec9,2020-01-23 00:00:00.000000 UTC
398,b7b16e,2020-01-23 00:00:00.000000 UTC
446,1a5b1e,2020-01-23 00:00:00.000000 UTC
463,428fca,2020-01-23 00:00:00.000000 UTC
117,c48562,2020-01-23 00:00:00.000000 UTC
405,fc9a65,2020-01-23 00:00:00.000000 UTC
97,a60f65,2020-01-23 00:00:00.000000 UTC
430,fe0154,2020-01-23 00:00:00.000000 UTC
97,dc7202,2020-01-23 00:00:00.000000 UTC
78,c90ea9,2020-01-23 00:00:00.000000 UTC
51,e06515,2020-01-23 00:00:00.000000 UTC
279,47c697,2020-04-20 00:00:00.000000 UTC
81,a6c3e9,2020-04-20 00:00:00.000000 UTC
441,adcc76,2020-04-20 00:00:00.000000 UTC
210,212611,2020-03-19 00:00:00.000000 UTC
416,e4f33c,2020-03-19 00:00:00.000000 UTC
22,57ae47,2020-03-19 00:00:00.000000 UTC
257,ce318a,2020-03-19 00:00:00.000000 UTC
4,63ce39,2020-03-19 00:00:00.000000 UTC
128,3ebe9b,2020-03-19 00:00:00.000000 UTC
353,b482a7,2020-03-19 00:00:00.000000 UTC
22,d47de2,2020-03-19 00:00:00.000000 UTC
231,569a46,2020-03-19 00:00:00.000000 UTC
281,355624,2020-03-19 00:00:00.000000 UTC
437,ed485a,2020-03-19 00:00:00.000000 UTC
61,d800b0,2020-03-19 00:00:00.000000 UTC
67,735b90,2020-02-16 00:00:00.000000 UTC
178,8f8551,2020-02-16 00:00:00.000000 UTC
367,05049e,2020-02-16 00:00:00.000000 UTC
371,41f1f1,2020-02-16 00:00:00.000000 UTC
374,ad972f,2020-02-16 00:00:00.000000 UTC
427,189977,2020-02-16 00:00:00.000000 UTC
350,70dcc8,2020-02-16 00:00:00.000000 UTC
269,081040,2020-02-16 00:00:00.000000 UTC
231,6ef636,2020-02-16 00:00:00.000000 UTC
454,2e258a,2020-02-16 00:00:00.000000 UTC
349,022187,2020-02-16 00:00:00.000000 UTC
180,46317c,2020-02-16 00:00:00.000000 UTC
149,75fc0f,2020-02-16 00:00:00.000000 UTC
383,6bec8d,2020-02-16 00:00:00.000000 UTC
376,78f9b3,2020-02-16 00:00:00.000000 UTC
380,74f56f,2020-02-16 00:00:00.000000 UTC
197,16fcc5,2020-02-16 00:00:00.000000 UTC
109,c5dd1d,2020-02-16 00:00:00.000000 UTC
98,06cc3f,2020-02-16 00:00:00.000000 UTC
207,aa814a,2020-02-16 00:00:00.000000 UTC
29,45d4f7,2020-02-16 00:00:00.000000 UTC
2,3a9029,2020-02-16 00:00:00.000000 UTC
69,0cefde,2020-02-16 00:00:00.000000 UTC
375,23ca32,2020-02-16 00:00:00.000000 UTC
30,39b405,2020-02-16 00:00:00.000000 UTC
376,6391f4,2020-02-16 00:00:00.000000 UTC
65,fc490c,2020-01-15 00:00:00.000000 UTC
78,35f4a8,2020-01-15 00:00:00.000000 UTC
87,c7e124,2020-01-15 00:00:00.000000 UTC
93,98dce8,2020-01-15 00:00:00.000000 UTC
315,ad13a2,2020-01-15 00:00:00.000000 UTC
323,bc6dc4,2020-01-15 00:00:00.000000 UTC
431,663682,2020-01-15 00:00:00.000000 UTC
460,98b297,2020-01-15 00:00:00.000000 UTC
484,eba0dc,2020-01-15 00:00:00.000000 UTC
57,947179,2020-01-15 00:00:00.000000 UTC
279,6d5f7c,2020-04-12 00:00:00.000000 UTC
234,501406,2020-04-12 00:00:00.000000 UTC
466,545a35,2020-04-12 00:00:00.000000 UTC
175,0ef281,2020-04-12 00:00:00.000000 UTC
300,cb41cf,2020-04-12 00:00:00.000000 UTC
179,c6af6f,2020-04-12 00:00:00.000000 UTC
139,d6e45f,2020-03-11 00:00:00.000000 UTC
142,b51d8c,2020-03-11 00:00:00.000000 UTC
177,6a9c7b,2020-03-11 00:00:00.000000 UTC
3,7820ec,2020-03-11 00:00:00.000000 UTC
284,383ed5,2020-03-11 00:00:00.000000 UTC
139,b49ced,2020-03-11 00:00:00.000000 UTC
111,424281,2020-03-11 00:00:00.000000 UTC
417,ec9ed1,2020-03-11 00:00:00.000000 UTC
48,9f0ac7,2020-03-11 00:00:00.000000 UTC
120,58abb7,2020-03-11 00:00:00.000000 UTC
214,5e526c,2020-03-11 00:00:00.000000 UTC
41,b98d87,2020-03-11 00:00:00.000000 UTC
383,ffe4fa,2020-03-11 00:00:00.000000 UTC
98,64a2cd,2020-03-11 00:00:00.000000 UTC
185,28ff2a,2020-03-11 00:00:00.000000 UTC
240,de4b1d,2020-03-11 00:00:00.000000 UTC
14,e33921,2020-03-11 00:00:00.000000 UTC
460,b5fe43,2020-03-11 00:00:00.000000 UTC
22,b6d767,2020-02-08 00:00:00.000000 UTC
95,812b4b,2020-02-08 00:00:00.000000 UTC
116,c45147,2020-02-08 00:00:00.000000 UTC
119,07e1cd,2020-02-08 00:00:00.000000 UTC
161,bd4c9a,2020-02-08 00:00:00.000000 UTC
267,eda80a,2020-02-08 00:00:00.000000 UTC
291,9c838d,2020-02-08 00:00:00.000000 UTC
328,cd0069,2020-02-08 00:00:00.000000 UTC
331,6da37d,2020-02-08 00:00:00.000000 UTC
376,142949,2020-02-08 00:00:00.000000 UTC
399,352fe2,2020-02-08 00:00:00.000000 UTC
479,d18f65,2020-02-08 00:00:00.000000 UTC
185,b18565,2020-02-08 00:00:00.000000 UTC
472,32851d,2020-02-08 00:00:00.000000 UTC
26,0c1a6a,2020-02-08 00:00:00.000000 UTC
225,f752fb,2020-02-08 00:00:00.000000 UTC
315,9b5f71,2020-02-08 00:00:00.000000 UTC
44,616a09,2020-02-08 00:00:00.000000 UTC
80,f1ef0b,2020-02-08 00:00:00.000000 UTC
459,bdc704,2020-02-08 00:00:00.000000 UTC
49,ed7099,2020-02-08 00:00:00.000000 UTC
378,9540ee,2020-02-08 00:00:00.000000 UTC
190,88673a,2020-02-08 00:00:00.000000 UTC
182,3b5797,2020-02-08 00:00:00.000000 UTC
126,916c47,2020-02-08 00:00:00.000000 UTC
416,2c14b8,2020-05-06 00:00:00.000000 UTC
26,4e732c,2020-01-26 00:00:00.000000 UTC
55,b53b3a,2020-01-26 00:00:00.000000 UTC
58,66f041,2020-01-26 00:00:00.000000 UTC
214,ca46c1,2020-01-26 00:00:00.000000 UTC
220,ec8ce6,2020-01-26 00:00:00.000000 UTC
361,52720e,2020-01-26 00:00:00.000000 UTC
471,8e6b42,2020-01-26 00:00:00.000000 UTC
229,15e850,2020-01-26 00:00:00.000000 UTC
287,d052fe,2020-01-26 00:00:00.000000 UTC
301,a6d0e5,2020-01-26 00:00:00.000000 UTC
432,4abc8a,2020-01-26 00:00:00.000000 UTC
82,92f990,2020-01-26 00:00:00.000000 UTC
39,b946ee,2020-01-26 00:00:00.000000 UTC
171,4753d4,2020-01-26 00:00:00.000000 UTC
211,28e7cd,2020-01-26 00:00:00.000000 UTC
187,a96445,2020-01-26 00:00:00.000000 UTC
215,863329,2020-01-26 00:00:00.000000 UTC
431,cdecf8,2020-01-26 00:00:00.000000 UTC
200,2fba33,2020-01-26 00:00:00.000000 UTC
465,34cfdf,2020-01-26 00:00:00.000000 UTC
352,29c7fc,2020-01-26 00:00:00.000000 UTC
170,597f2d,2020-04-23 00:00:00.000000 UTC
357,d1381a,2020-04-23 00:00:00.000000 UTC
409,94584e,2020-04-23 00:00:00.000000 UTC
284,7710dc,2020-04-23 00:00:00.000000 UTC
28,d56286,2020-04-23 00:00:00.000000 UTC
458,3a8051,2020-03-22 00:00:00.000000 UTC
34,b0a0c3,2020-03-22 00:00:00.000000 UTC
360,ca5acb,2020-03-22 00:00:00.000000 UTC
37,022f5f,2020-03-22 00:00:00.000000 UTC
157,6db5d7,2020-03-22 00:00:00.000000 UTC
422,bf6d28,2020-03-22 00:00:00.000000 UTC
35,bd3e41,2020-03-22 00:00:00.000000 UTC
107,5725df,2020-03-22 00:00:00.000000 UTC
270,0a0d20,2020-03-22 00:00:00.000000 UTC
433,f701c9,2020-03-22 00:00:00.000000 UTC
94,59511b,2020-03-22 00:00:00.000000 UTC
52,9a1158,2020-02-19 00:00:00.000000 UTC
94,f4b9ec,2020-02-19 00:00:00.000000 UTC
130,9b8619,2020-02-19 00:00:00.000000 UTC
193,bd686f,2020-02-19 00:00:00.000000 UTC
309,eddea8,2020-02-19 00:00:00.000000 UTC
441,15d4e8,2020-02-19 00:00:00.000000 UTC
447,9a9687,2020-02-19 00:00:00.000000 UTC
154,95d817,2020-02-19 00:00:00.000000 UTC
243,5c29e3,2020-02-19 00:00:00.000000 UTC
221,8fbd57,2020-02-19 00:00:00.000000 UTC
481,1f9083,2020-02-19 00:00:00.000000 UTC
214,5cf70b,2020-02-19 00:00:00.000000 UTC
324,4628c7,2020-02-19 00:00:00.000000 UTC
33,ae7068,2020-02-19 00:00:00.000000 UTC
184,2a6e53,2020-02-19 00:00:00.000000 UTC
160,e56007,2020-02-19 00:00:00.000000 UTC
484,ec8b4e,2020-02-19 00:00:00.000000 UTC
304,ba9a58,2020-02-19 00:00:00.000000 UTC
32,ba790a,2020-02-19 00:00:00.000000 UTC
436,6baaac,2020-02-19 00:00:00.000000 UTC
73,528446,2020-02-19 00:00:00.000000 UTC
451,775d62,2020-02-19 00:00:00.000000 UTC
65,c41c99,2020-02-19 00:00:00.000000 UTC
207,217325,2020-02-19 00:00:00.000000 UTC
190,7861c2,2020-02-19 00:00:00.000000 UTC
101,97b3d3,2020-05-17 00:00:00.000000 UTC
2,c81e72,2020-01-18 00:00:00.000000 UTC
96,26657d,2020-01-18 00:00:00.000000 UTC
118,5ef059,2020-01-18 00:00:00.000000 UTC
213,979d47,2020-01-18 00:00:00.000000 UTC
215,3b8a61,2020-01-18 00:00:00.000000 UTC
219,c0e190,2020-01-18 00:00:00.000000 UTC
224,13fe9d,2020-01-18 00:00:00.000000 UTC
277,20f075,2020-01-18 00:00:00.000000 UTC
289,839ab4,2020-01-18 00:00:00.000000 UTC
387,8efb10,2020-01-18 00:00:00.000000 UTC
396,f8c1f2,2020-01-18 00:00:00.000000 UTC
449,d61e4b,2020-01-18 00:00:00.000000 UTC
457,42998c,2020-01-18 00:00:00.000000 UTC
143,4b2c4e,2020-01-18 00:00:00.000000 UTC
23,12dbc8,2020-01-18 00:00:00.000000 UTC
2,3221a7,2020-01-18 00:00:00.000000 UTC
198,301395,2020-01-18 00:00:00.000000 UTC
449,ac418c,2020-01-18 00:00:00.000000 UTC
126,8be687,2020-01-18 00:00:00.000000 UTC
354,f9ec4a,2020-04-15 00:00:00.000000 UTC
276,260448,2020-04-15 00:00:00.000000 UTC
472,b9b37b,2020-04-15 00:00:00.000000 UTC
266,ff589e,2020-04-15 00:00:00.000000 UTC
396,b7bac0,2020-04-15 00:00:00.000000 UTC
123,b9937e,2020-04-15 00:00:00.000000 UTC
313,0ddc8e,2020-04-15 00:00:00.000000 UTC
152,f01ba8,2020-03-14 00:00:00.000000 UTC
276,3020df,2020-03-14 00:00:00.000000 UTC
441,36a153,2020-03-14 00:00:00.000000 UTC
193,71473b,2020-03-14 00:00:00.000000 UTC
67,3ba45d,2020-03-14 00:00:00.000000 UTC
397,adc53a,2020-03-14 00:00:00.000000 UTC
408,770e1c,2020-03-14 00:00:00.000000 UTC
139,1a9a2a,2020-03-14 00:00:00.000000 UTC
149,f31bfd,2020-03-14 00:00:00.000000 UTC
253,5b68b6,2020-03-14 00:00:00.000000 UTC
225,7f2acc,2020-03-14 00:00:00.000000 UTC
426,9a881a,2020-03-14 00:00:00.000000 UTC
385,704a55,2020-03-14 00:00:00.000000 UTC
140,c9bfa9,2020-03-14 00:00:00.000000 UTC
19,1f0e3d,2020-02-11 00:00:00.000000 UTC
74,ad61ab,2020-02-11 00:00:00.000000 UTC
79,d1fe17,2020-02-11 00:00:00.000000 UTC
142,a8baa5,2020-02-11 00:00:00.000000 UTC
189,a2557a,2020-02-11 00:00:00.000000 UTC
253,c24cd7,2020-02-11 00:00:00.000000 UTC
285,0e0193,2020-02-11 00:00:00.000000 UTC
286,16a5cd,2020-02-11 00:00:00.000000 UTC
426,6ecbdd,2020-02-11 00:00:00.000000 UTC
488,c3c59e,2020-02-11 00:00:00.000000 UTC
40,618bb1,2020-02-11 00:00:00.000000 UTC
386,4208ef,2020-02-11 00:00:00.000000 UTC
157,575c62,2020-02-11 00:00:00.000000 UTC
219,72d72c,2020-02-11 00:00:00.000000 UTC
453,3b5b0f,2020-02-11 00:00:00.000000 UTC
484,ba3725,2020-02-11 00:00:00.000000 UTC
488,e2248f,2020-02-11 00:00:00.000000 UTC
470,838000,2020-02-11 00:00:00.000000 UTC
5,25cf57,2020-02-11 00:00:00.000000 UTC
98,024e6e,2020-02-11 00:00:00.000000 UTC
362,6de4b6,2020-02-11 00:00:00.000000 UTC
361,f9d4e3,2020-02-11 00:00:00.000000 UTC
62,359c9d,2020-02-11 00:00:00.000000 UTC
446,86dcf2,2020-02-11 00:00:00.000000 UTC
285,795b32,2020-02-11 00:00:00.000000 UTC
72,981210,2020-02-11 00:00:00.000000 UTC
373,8cca90,2020-02-11 00:00:00.000000 UTC
170,0e2865,2020-05-09 00:00:00.000000 UTC
29,6ea9ab,2020-01-10 00:00:00.000000 UTC
167,5878a7,2020-01-10 00:00:00.000000 UTC
171,a4a042,2020-01-10 00:00:00.000000 UTC
217,63dc7e,2020-01-10 00:00:00.000000 UTC
312,950a41,2020-01-10 00:00:00.000000 UTC
316,3fe94a,2020-01-10 00:00:00.000000 UTC
255,e3dfcf,2020-01-10 00:00:00.000000 UTC
464,10e982,2020-01-10 00:00:00.000000 UTC
155,0cb7dd,2020-01-10 00:00:00.000000 UTC
338,5a18d5,2020-01-10 00:00:00.000000 UTC
293,235b61,2020-01-10 00:00:00.000000 UTC
176,7ca184,2020-01-10 00:00:00.000000 UTC
293,128e68,2020-01-10 00:00:00.000000 UTC
42,56d55b,2020-04-07 00:00:00.000000 UTC
485,7e5595,2020-04-07 00:00:00.000000 UTC
177,007c20,2020-04-07 00:00:00.000000 UTC
110,53f242,2020-04-07 00:00:00.000000 UTC
99,93000f,2020-03-06 00:00:00.000000 UTC
374,869f54,2020-03-06 00:00:00.000000 UTC
12,454bd7,2020-03-06 00:00:00.000000 UTC
92,0f6c9f,2020-03-06 00:00:00.000000 UTC
447,a44717,2020-03-06 00:00:00.000000 UTC
154,8bde00,2020-03-06 00:00:00.000000 UTC
497,5bcb93,2020-03-06 00:00:00.000000 UTC
123,0cd75e,2020-03-06 00:00:00.000000 UTC
144,978360,2020-03-06 00:00:00.000000 UTC
386,5ec8bc,2020-03-06 00:00:00.000000 UTC
355,f28438,2020-03-06 00:00:00.000000 UTC
153,8ff55a,2020-03-06 00:00:00.000000 UTC
267,a377fa,2020-03-06 00:00:00.000000 UTC
323,539a7c,2020-03-06 00:00:00.000000 UTC
429,8313df,2020-03-06 00:00:00.000000 UTC
33,182be0,2020-02-03 00:00:00.000000 UTC
37,a5bfc9,2020-02-03 00:00:00.000000 UTC
71,e2c420,2020-02-03 00:00:00.000000 UTC
148,47d1e9,2020-02-03 00:00:00.000000 UTC
151,a8f15e,2020-02-03 00:00:00.000000 UTC
240,335f53,2020-02-03 00:00:00.000000 UTC
404,4f4adc,2020-02-03 00:00:00.000000 UTC
445,67f7fb,2020-02-03 00:00:00.000000 UTC
115,2d39db,2020-02-03 00:00:00.000000 UTC
169,1c6073,2020-02-03 00:00:00.000000 UTC
239,b30f95,2020-02-03 00:00:00.000000 UTC
298,8278f2,2020-02-03 00:00:00.000000 UTC
297,e2f878,2020-02-03 00:00:00.000000 UTC
455,2e21c8,2020-02-03 00:00:00.000000 UTC
72,6b93e2,2020-02-03 00:00:00.000000 UTC
77,73fc72,2020-02-03 00:00:00.000000 UTC
499,74119e,2020-02-03 00:00:00.000000 UTC
208,4a21d7,2020-02-03 00:00:00.000000 UTC
148,30b742,2020-02-03 00:00:00.000000 UTC
475,c3f1dd,2020-02-03 00:00:00.000000 UTC
86,fdf68a,2020-02-03 00:00:00.000000 UTC
145,f18090,2020-02-03 00:00:00.000000 UTC
277,8e317e,2020-02-03 00:00:00.000000 UTC
323,71ee47,2020-02-03 00:00:00.000000 UTC
100,46183a,2020-02-03 00:00:00.000000 UTC
403,9ab09e,2020-02-03 00:00:00.000000 UTC
262,70d128,2020-02-03 00:00:00.000000 UTC
356,d0b56a,2020-02-03 00:00:00.000000 UTC
483,ec9947,2020-02-03 00:00:00.000000 UTC
205,cbd612,2020-02-03 00:00:00.000000 UTC
365,6f4e34,2020-02-03 00:00:00.000000 UTC
69,14bfa6,2020-01-02 00:00:00.000000 UTC
109,2723d0,2020-01-02 00:00:00.000000 UTC
159,140f69,2020-01-02 00:00:00.000000 UTC
173,f7e6c8,2020-01-02 00:00:00.000000 UTC
195,0336dc,2020-01-02 00:00:00.000000 UTC
200,3644a6,2020-01-02 00:00:00.000000 UTC
205,eae27d,2020-01-02 00:00:00.000000 UTC
245,0266e3,2020-01-02 00:00:00.000000 UTC
271,7f100b,2020-01-02 00:00:00.000000 UTC
275,63923f,2020-01-02 00:00:00.000000 UTC
326,a66658,2020-01-02 00:00:00.000000 UTC
389,c86a7e,2020-01-02 00:00:00.000000 UTC
401,816b11,2020-01-02 00:00:00.000000 UTC
186,ad0651,2020-03-30 00:00:00.000000 UTC
175,f7d953,2020-03-30 00:00:00.000000 UTC
170,d7acda,2020-03-30 00:00:00.000000 UTC
300,474d39,2020-03-30 00:00:00.000000 UTC
396,c6e79b,2020-03-30 00:00:00.000000 UTC
247,3a8d9f,2020-03-30 00:00:00.000000 UTC
253,41f96b,2020-03-30 00:00:00.000000 UTC
106,9d952a,2020-03-30 00:00:00.000000 UTC
128,bac1e1,2020-03-30 00:00:00.000000 UTC
397,3759ff,2020-03-30 00:00:00.000000 UTC
152,37a749,2020-02-27 00:00:00.000000 UTC
237,539fd5,2020-02-27 00:00:00.000000 UTC
280,92c8c9,2020-02-27 00:00:00.000000 UTC
322,5737c6,2020-02-27 00:00:00.000000 UTC
409,a96b65,2020-02-27 00:00:00.000000 UTC
473,2050e0,2020-02-27 00:00:00.000000 UTC
492,55a7cf,2020-02-27 00:00:00.000000 UTC
294,748aa2,2020-02-27 00:00:00.000000 UTC
360,ffc357,2020-02-27 00:00:00.000000 UTC
22,f61748,2020-02-27 00:00:00.000000 UTC
329,e2f05b,2020-02-27 00:00:00.000000 UTC
256,25d147,2020-02-27 00:00:00.000000 UTC
497,b355b4,2020-02-27 00:00:00.000000 UTC
243,f2aa1f,2020-02-27 00:00:00.000000 UTC
448,13c322,2020-02-27 00:00:00.000000 UTC
27,51f73c,2020-02-27 00:00:00.000000 UTC
172,3d2d54,2020-02-27 00:00:00.000000 UTC
102,106769,2020-02-27 00:00:00.000000 UTC
141,a636a4,2020-02-27 00:00:00.000000 UTC
55,a8e347,2020-02-27 00:00:00.000000 UTC
74,643cca,2020-02-27 00:00:00.000000 UTC
411,f488f9,2020-02-27 00:00:00.000000 UTC
39,d67d8a,2020-01-13 00:00:00.000000 UTC
66,3295c7,2020-01-13 00:00:00.000000 UTC
72,32bb90,2020-01-13 00:00:00.000000 UTC
86,93db85,2020-01-13 00:00:00.000000 UTC
115,2b4492,2020-01-13 00:00:00.000000 UTC
126,069059,2020-01-13 00:00:00.000000 UTC
227,705f21,2020-01-13 00:00:00.000000 UTC
252,03c6b0,2020-01-13 00:00:00.000000 UTC
308,a8c88a,2020-01-13 00:00:00.000000 UTC
476,598b3e,2020-01-13 00:00:00.000000 UTC
312,d8032d,2020-01-13 00:00:00.000000 UTC
352,dcb6c8,2020-01-13 00:00:00.000000 UTC
152,41004f,2020-04-10 00:00:00.000000 UTC
322,700fe9,2020-04-10 00:00:00.000000 UTC
423,efbd1e,2020-04-10 00:00:00.000000 UTC
416,eb6dce,2020-04-10 00:00:00.000000 UTC
7,3db901,2020-04-10 00:00:00.000000 UTC
139,c0156f,2020-04-10 00:00:00.000000 UTC
497,969ff2,2020-04-10 00:00:00.000000 UTC
369,1af3ae,2020-04-10 00:00:00.000000 UTC
208,56f28f,2020-04-10 00:00:00.000000 UTC
309,5ecc5a,2020-03-09 00:00:00.000000 UTC
466,39c4cd,2020-03-09 00:00:00.000000 UTC
166,13e986,2020-03-09 00:00:00.000000 UTC
370,97652a,2020-03-09 00:00:00.000000 UTC
194,9a78ed,2020-03-09 00:00:00.000000 UTC
358,fd5a4a,2020-03-09 00:00:00.000000 UTC
19,31ed15,2020-03-09 00:00:00.000000 UTC
473,f7f0f8,2020-03-09 00:00:00.000000 UTC
460,f57764,2020-03-09 00:00:00.000000 UTC
90,f855d1,2020-03-09 00:00:00.000000 UTC
387,cd5e23,2020-03-09 00:00:00.000000 UTC
275,66efeb,2020-03-09 00:00:00.000000 UTC
160,0654dd,2020-03-09 00:00:00.000000 UTC
222,3eb392,2020-03-09 00:00:00.000000 UTC
226,eca7a0,2020-03-09 00:00:00.000000 UTC
361,081c65,2020-03-09 00:00:00.000000 UTC
343,e40be6,2020-03-09 00:00:00.000000 UTC
78,9067d0,2020-03-09 00:00:00.000000 UTC
71,05cd91,2020-03-09 00:00:00.000000 UTC
12,c20ad4,2020-02-06 00:00:00.000000 UTC
53,d82c8d,2020-02-06 00:00:00.000000 UTC
61,7f39f8,2020-02-06 00:00:00.000000 UTC
137,3988c7,2020-02-06 00:00:00.000000 UTC
350,9de6d1,2020-02-06 00:00:00.000000 UTC
456,250cf8,2020-02-06 00:00:00.000000 UTC
459,7fe1f8,2020-02-06 00:00:00.000000 UTC
29,3f11c0,2020-02-06 00:00:00.000000 UTC
147,455428,2020-02-06 00:00:00.000000 UTC
355,a764b9,2020-02-06 00:00:00.000000 UTC
59,d128a9,2020-02-06 00:00:00.000000 UTC
247,1a6dda,2020-02-06 00:00:00.000000 UTC
495,478f28,2020-02-06 00:00:00.000000 UTC
451,6cc48e,2020-02-06 00:00:00.000000 UTC
337,dc3d86,2020-02-06 00:00:00.000000 UTC
82,b2a32c,2020-02-06 00:00:00.000000 UTC
72,7f0355,2020-02-06 00:00:00.000000 UTC
64,2c8c4a,2020-02-06 00:00:00.000000 UTC
287,d4cd40,2020-02-06 00:00:00.000000 UTC
88,cca605,2020-02-06 00:00:00.000000 UTC
133,6046eb,2020-02-06 00:00:00.000000 UTC
498,ada34c,2020-02-06 00:00:00.000000 UTC
392,4b1b90,2020-02-06 00:00:00.000000 UTC
34,57e5d6,2020-05-04 00:00:00.000000 UTC
111,b60fcf,2020-05-04 00:00:00.000000 UTC
155,2a79ea,2020-01-05 00:00:00.000000 UTC
187,31fefc,2020-01-05 00:00:00.000000 UTC
255,fe131d,2020-01-05 00:00:00.000000 UTC
245,0ed373,2020-01-05 00:00:00.000000 UTC
320,f1d981,2020-04-02 00:00:00.000000 UTC
258,79dcb4,2020-04-02 00:00:00.000000 UTC
237,277b97,2020-04-02 00:00:00.000000 UTC
425,f202bc,2020-03-01 00:00:00.000000 UTC
81,b0b666,2020-03-01 00:00:00.000000 UTC
178,5a521c,2020-03-01 00:00:00.000000 UTC
246,d8f836,2020-03-01 00:00:00.000000 UTC
154,2637aa,2020-03-01 00:00:00.000000 UTC
116,56c015,2020-03-01 00:00:00.000000 UTC
478,da47b2,2020-03-01 00:00:00.000000 UTC
327,1edc73,2020-03-01 00:00:00.000000 UTC
396,2c4013,2020-03-01 00:00:00.000000 UTC
310,17497a,2020-03-01 00:00:00.000000 UTC
25,9478e3,2020-03-01 00:00:00.000000 UTC
145,cbcee5,2020-03-01 00:00:00.000000 UTC
9,ab7746,2020-03-01 00:00:00.000000 UTC
105,326508,2020-03-01 00:00:00.000000 UTC
80,72fc3d,2020-03-01 00:00:00.000000 UTC
53,540486,2020-03-01 00:00:00.000000 UTC
270,097ef0,2020-03-01 00:00:00.000000 UTC
135,d4cbe4,2020-03-01 00:00:00.000000 UTC
470,705e88,2020-03-01 00:00:00.000000 UTC
52,886f15,2020-03-01 00:00:00.000000 UTC
60,b6d776,2020-03-01 00:00:00.000000 UTC
207,603b54,2020-03-01 00:00:00.000000 UTC
3,707486,2020-05-28 00:00:00.000000 UTC
64,ea5d2f,2020-01-29 00:00:00.000000 UTC
114,5fd0b3,2020-01-29 00:00:00.000000 UTC
158,064096,2020-01-29 00:00:00.000000 UTC
319,8d3bba,2020-01-29 00:00:00.000000 UTC
325,89f0fd,2020-01-29 00:00:00.000000 UTC
380,bca82e,2020-01-29 00:00:00.000000 UTC
433,019d38,2020-01-29 00:00:00.000000 UTC
450,f5f859,2020-01-29 00:00:00.000000 UTC
451,941e1a,2020-01-29 00:00:00.000000 UTC
499,3cf166,2020-01-29 00:00:00.000000 UTC
275,1c6b65,2020-01-29 00:00:00.000000 UTC
163,b4e9a5,2020-01-29 00:00:00.000000 UTC
460,c53d1a,2020-01-29 00:00:00.000000 UTC
117,1edbe0,2020-01-29 00:00:00.000000 UTC
487,251cb7,2020-01-29 00:00:00.000000 UTC
394,130c99,2020-01-29 00:00:00.000000 UTC
190,7b65d9,2020-01-29 00:00:00.000000 UTC
418,3cc483,2020-01-29 00:00:00.000000 UTC
78,ee12cf,2020-01-29 00:00:00.000000 UTC
70,0fb544,2020-01-29 00:00:00.000000 UTC
421,c686c1,2020-01-29 00:00:00.000000 UTC
247,659633,2020-04-26 00:00:00.000000 UTC
307,51556b,2020-03-25 00:00:00.000000 UTC
42,975d24,2020-03-25 00:00:00.000000 UTC
175,0b2457,2020-03-25 00:00:00.000000 UTC
101,ca7bbc,2020-03-25 00:00:00.000000 UTC
441,2a7bf3,2020-03-25 00:00:00.000000 UTC
472,28060c,2020-03-25 00:00:00.000000 UTC
265,b5e3d2,2020-03-25 00:00:00.000000 UTC
150,fea51b,2020-03-25 00:00:00.000000 UTC
189,1dce93,2020-03-25 00:00:00.000000 UTC
357,1cd3ca,2020-03-25 00:00:00.000000 UTC
86,d8eb77,2020-03-25 00:00:00.000000 UTC
110,ffebf1,2020-03-25 00:00:00.000000 UTC
115,800a20,2020-03-25 00:00:00.000000 UTC
1,14de71,2020-03-25 00:00:00.000000 UTC
66,f0259d,2020-03-25 00:00:00.000000 UTC
192,9a0dce,2020-03-25 00:00:00.000000 UTC
204,6f6383,2020-03-25 00:00:00.000000 UTC
4,a87ff6,2020-02-22 00:00:00.000000 UTC
43,17e621,2020-02-22 00:00:00.000000 UTC
99,ac627a,2020-02-22 00:00:00.000000 UTC
110,5f93f9,2020-02-22 00:00:00.000000 UTC
300,94f6d7,2020-02-22 00:00:00.000000 UTC
411,17d63b,2020-02-22 00:00:00.000000 UTC
422,f85454,2020-02-22 00:00:00.000000 UTC
43,e9d012,2020-02-22 00:00:00.000000 UTC
422,e9ad06,2020-02-22 00:00:00.000000 UTC
35,4c40e8,2020-02-22 00:00:00.000000 UTC
340,dce1d6,2020-02-22 00:00:00.000000 UTC
58,67303f,2020-02-22 00:00:00.000000 UTC
21,4a3f9f,2020-02-22 00:00:00.000000 UTC
79,2b5d0f,2020-02-22 00:00:00.000000 UTC
96,8f1274,2020-02-22 00:00:00.000000 UTC
220,4a978a,2020-02-22 00:00:00.000000 UTC
108,d7d12e,2020-02-22 00:00:00.000000 UTC
44,f757dc,2020-02-22 00:00:00.000000 UTC
151,c0c44e,2020-02-22 00:00:00.000000 UTC
431,ef973c,2020-02-22 00:00:00.000000 UTC
362,97e9e9,2020-02-22 00:00:00.000000 UTC
29,e2fea1,2020-02-22 00:00:00.000000 UTC
164,1e72dc,2020-02-22 00:00:00.000000 UTC
182,879617,2020-02-22 00:00:00.000000 UTC
58,70804f,2020-02-22 00:00:00.000000 UTC
59,64b8ea,2020-02-22 00:00:00.000000 UTC
44,f719c0,2020-02-22 00:00:00.000000 UTC
245,3fafa4,2020-02-22 00:00:00.000000 UTC
215,81e6ff,2020-02-22 00:00:00.000000 UTC
243,cb70ab,2020-01-21 00:00:00.000000 UTC
274,d947bf,2020-01-21 00:00:00.000000 UTC
302,577bcc,2020-01-21 00:00:00.000000 UTC
429,75fc09,2020-01-21 00:00:00.000000 UTC
490,c41000,2020-01-21 00:00:00.000000 UTC
495,350510,2020-01-21 00:00:00.000000 UTC
476,d7a683,2020-01-21 00:00:00.000000 UTC
109,59c4b4,2020-01-21 00:00:00.000000 UTC
133,5cb3eb,2020-01-21 00:00:00.000000 UTC
326,d619e4,2020-01-21 00:00:00.000000 UTC
392,a88c32,2020-01-21 00:00:00.000000 UTC
187,c73987,2020-01-21 00:00:00.000000 UTC
138,06620e,2020-01-21 00:00:00.000000 UTC
365,7ec919,2020-01-21 00:00:00.000000 UTC
70,b7019a,2020-01-21 00:00:00.000000 UTC
391,4d02a1,2020-01-21 00:00:00.000000 UTC
390,97cf1d,2020-04-18 00:00:00.000000 UTC
145,0be779,2020-04-18 00:00:00.000000 UTC
203,d1182f,2020-04-18 00:00:00.000000 UTC
113,9ff3a2,2020-03-17 00:00:00.000000 UTC
322,8a6970,2020-03-17 00:00:00.000000 UTC
306,5e7d35,2020-03-17 00:00:00.000000 UTC
357,1cefb6,2020-03-17 00:00:00.000000 UTC
266,904cee,2020-03-17 00:00:00.000000 UTC
359,198bf1,2020-03-17 00:00:00.000000 UTC
170,c5ce1c,2020-03-17 00:00:00.000000 UTC
469,44ea1f,2020-03-17 00:00:00.000000 UTC
234,10c3c8,2020-03-17 00:00:00.000000 UTC
348,5da2e9,2020-03-17 00:00:00.000000 UTC
116,9072b5,2020-03-17 00:00:00.000000 UTC
420,78869c,2020-03-17 00:00:00.000000 UTC
497,7ed3c4,2020-03-17 00:00:00.000000 UTC
340,a5391b,2020-03-17 00:00:00.000000 UTC
415,0ff4aa,2020-03-17 00:00:00.000000 UTC
73,9267e4,2020-03-17 00:00:00.000000 UTC
420,02a520,2020-03-17 00:00:00.000000 UTC
98,62ad27,2020-03-17 00:00:00.000000 UTC
489,411419,2020-03-17 00:00:00.000000 UTC
21,3c59dc,2020-02-14 00:00:00.000000 UTC
36,19ca14,2020-02-14 00:00:00.000000 UTC
85,3ef815,2020-02-14 00:00:00.000000 UTC
123,202cb9,2020-02-14 00:00:00.000000 UTC
128,76dc61,2020-02-14 00:00:00.000000 UTC
241,f340f1,2020-02-14 00:00:00.000000 UTC
258,502e4a,2020-02-14 00:00:00.000000 UTC
381,00ec53,2020-02-14 00:00:00.000000 UTC
415,42e7aa,2020-02-14 00:00:00.000000 UTC
425,25b282,2020-02-14 00:00:00.000000 UTC
440,a8abb4,2020-02-14 00:00:00.000000 UTC
12,7c7bc8,2020-02-14 00:00:00.000000 UTC
149,13f75e,2020-02-14 00:00:00.000000 UTC
376,31a612,2020-02-14 00:00:00.000000 UTC
202,067d4b,2020-02-14 00:00:00.000000 UTC
120,329df4,2020-02-14 00:00:00.000000 UTC
107,ccf057,2020-02-14 00:00:00.000000 UTC
11,44f007,2020-02-14 00:00:00.000000 UTC
433,b81045,2020-02-14 00:00:00.000000 UTC
420,5eb096,2020-02-14 00:00:00.000000 UTC
97,812e1b,2020-02-14 00:00:00.000000 UTC
312,bd7e5e,2020-02-14 00:00:00.000000 UTC
23,36e2d2,2020-02-14 00:00:00.000000 UTC
227,2b18cf,2020-02-14 00:00:00.000000 UTC
213,e24f82,2020-02-14 00:00:00.000000 UTC
218,501162,2020-02-14 00:00:00.000000 UTC
449,7a53d4,2020-02-14 00:00:00.000000 UTC
227,23ffc1,2020-02-14 00:00:00.000000 UTC
262,6ec319,2020-02-14 00:00:00.000000 UTC
5,e4da3b,2020-02-01 00:00:00.000000 UTC
125,3def18,2020-02-01 00:00:00.000000 UTC
131,1afa34,2020-02-01 00:00:00.000000 UTC
144,0a09c8,2020-02-01 00:00:00.000000 UTC
257,d96409,2020-02-01 00:00:00.000000 UTC
297,9fd818,2020-02-01 00:00:00.000000 UTC
329,6faa80,2020-02-01 00:00:00.000000 UTC
349,2632eb,2020-02-01 00:00:00.000000 UTC
181,d08872,2020-02-01 00:00:00.000000 UTC
446,1c1409,2020-02-01 00:00:00.000000 UTC
214,2b2e4f,2020-02-01 00:00:00.000000 UTC
88,2e04c6,2020-02-01 00:00:00.000000 UTC
2,d518ea,2020-02-01 00:00:00.000000 UTC
155,86b02d,2020-02-01 00:00:00.000000 UTC
330,bc0725,2020-02-01 00:00:00.000000 UTC
273,06fafc,2020-02-01 00:00:00.000000 UTC
442,c22f50,2020-02-01 00:00:00.000000 UTC
261,1b5296,2020-04-29 00:00:00.000000 UTC
3,c69b7b,2020-04-29 00:00:00.000000 UTC
425,952e3d,2020-03-28 00:00:00.000000 UTC
33,16c732,2020-03-28 00:00:00.000000 UTC
397,ccafa4,2020-03-28 00:00:00.000000 UTC
395,525c96,2020-03-28 00:00:00.000000 UTC
141,0f28b5,2020-02-25 00:00:00.000000 UTC
270,390597,2020-02-25 00:00:00.000000 UTC
284,46ba9f,2020-02-25 00:00:00.000000 UTC
292,170000,2020-02-25 00:00:00.000000 UTC
306,b2eb73,2020-02-25 00:00:00.000000 UTC
397,e46de7,2020-02-25 00:00:00.000000 UTC
417,41ae36,2020-02-25 00:00:00.000000 UTC
458,d07e70,2020-02-25 00:00:00.000000 UTC
477,74071a,2020-02-25 00:00:00.000000 UTC
485,218a0a,2020-02-25 00:00:00.000000 UTC
128,ca868e,2020-02-25 00:00:00.000000 UTC
469,957134,2020-02-25 00:00:00.000000 UTC
15,554588,2020-02-25 00:00:00.000000 UTC
7,300c3b,2020-02-25 00:00:00.000000 UTC
348,382c04,2020-02-25 00:00:00.000000 UTC
183,368f87,2020-02-25 00:00:00.000000 UTC
54,ad1f2c,2020-02-25 00:00:00.000000 UTC
296,20ea51,2020-02-25 00:00:00.000000 UTC
48,a54d00,2020-02-25 00:00:00.000000 UTC
278,814bee,2020-02-25 00:00:00.000000 UTC
86,eddbd6,2020-02-25 00:00:00.000000 UTC
14,56ed52,2020-02-25 00:00:00.000000 UTC
183,957adc,2020-02-25 00:00:00.000000 UTC
125,83fffe,2020-02-25 00:00:00.000000 UTC
438,866d49,2020-02-25 00:00:00.000000 UTC
402,c4ef3d,2020-02-25 00:00:00.000000 UTC
129,d1f491,2020-01-24 00:00:00.000000 UTC
156,1c9ac0,2020-01-24 00:00:00.000000 UTC
180,045117,2020-01-24 00:00:00.000000 UTC
185,eecca5,2020-01-24 00:00:00.000000 UTC
197,85d8ce,2020-01-24 00:00:00.000000 UTC
201,757b50,2020-01-24 00:00:00.000000 UTC
272,7a614f,2020-01-24 00:00:00.000000 UTC
373,ffd52f,2020-01-24 00:00:00.000000 UTC
475,5ef0b4,2020-01-24 00:00:00.000000 UTC
217,b49d81,2020-01-24 00:00:00.000000 UTC
484,1a8379,2020-01-24 00:00:00.000000 UTC
121,3673d6,2020-01-24 00:00:00.000000 UTC
382,e07182,2020-01-24 00:00:00.000000 UTC
476,db7de3,2020-01-24 00:00:00.000000 UTC
431,cd7f02,2020-01-24 00:00:00.000000 UTC
10,7dbef1,2020-01-24 00:00:00.000000 UTC
182,caf192,2020-01-24 00:00:00.000000 UTC
498,13d2c9,2020-01-24 00:00:00.000000 UTC
233,0b87cb,2020-01-24 00:00:00.000000 UTC
230,045eae,2020-01-24 00:00:00.000000 UTC
89,c593da,2020-01-24 00:00:00.000000 UTC
393,1b6d74,2020-04-21 00:00:00.000000 UTC
263,0f5c54,2020-04-21 00:00:00.000000 UTC
42,cb11e2,2020-04-21 00:00:00.000000 UTC
99,6db4d5,2020-04-21 00:00:00.000000 UTC
282,113d03,2020-03-20 00:00:00.000000 UTC
241,188a1c,2020-03-20 00:00:00.000000 UTC
279,96a40b,2020-03-20 00:00:00.000000 UTC
81,f5ae11,2020-03-20 00:00:00.000000 UTC
17,b580b2,2020-03-20 00:00:00.000000 UTC
282,e15cde,2020-03-20 00:00:00.000000 UTC
188,2e33e0,2020-03-20 00:00:00.000000 UTC
94,71e764,2020-03-20 00:00:00.000000 UTC
156,6f0f86,2020-03-20 00:00:00.000000 UTC
400,bf07c1,2020-03-20 00:00:00.000000 UTC
53,edc731,2020-03-20 00:00:00.000000 UTC
17,70efdf,2020-02-17 00:00:00.000000 UTC
32,6364d3,2020-02-17 00:00:00.000000 UTC
90,861398,2020-02-17 00:00:00.000000 UTC
113,73278a,2020-02-17 00:00:00.000000 UTC
199,84d9ee,2020-02-17 00:00:00.000000 UTC
310,06eb61,2020-02-17 00:00:00.000000 UTC
353,138bb0,2020-02-17 00:00:00.000000 UTC
358,aa942a,2020-02-17 00:00:00.000000 UTC
497,7380ad,2020-02-17 00:00:00.000000 UTC
257,957dc0,2020-02-17 00:00:00.000000 UTC
50,f0d927,2020-02-17 00:00:00.000000 UTC
426,991739,2020-02-17 00:00:00.000000 UTC
283,e63d48,2020-02-17 00:00:00.000000 UTC
369,75260d,2020-02-17 00:00:00.000000 UTC
274,75adb2,2020-02-17 00:00:00.000000 UTC
430,1404fc,2020-02-17 00:00:00.000000 UTC
217,f06f29,2020-02-17 00:00:00.000000 UTC
204,76bb9c,2020-02-17 00:00:00.000000 UTC
464,d5d96d,2020-02-17 00:00:00.000000 UTC
429,6a610b,2020-02-17 00:00:00.000000 UTC
272,300cc4,2020-02-17 00:00:00.000000 UTC
46,cf0e6f,2020-02-17 00:00:00.000000 UTC
328,f3cbc4,2020-02-17 00:00:00.000000 UTC
93,0946e5,2020-02-17 00:00:00.000000 UTC
155,73c7ab,2020-02-17 00:00:00.000000 UTC
23,37693c,2020-01-16 00:00:00.000000 UTC
169,363663,2020-01-16 00:00:00.000000 UTC
305,496e05,2020-01-16 00:00:00.000000 UTC
136,356cf9,2020-01-16 00:00:00.000000 UTC
49,9124c5,2020-01-16 00:00:00.000000 UTC
146,2bae8b,2020-01-16 00:00:00.000000 UTC
113,dc7fd6,2020-04-13 00:00:00.000000 UTC
56,16e081,2020-04-13 00:00:00.000000 UTC
34,fc630a,2020-04-13 00:00:00.000000 UTC
348,b4ca8e,2020-04-13 00:00:00.000000 UTC
7,e054d7,2020-04-13 00:00:00.000000 UTC
353,72b87a,2020-04-13 00:00:00.000000 UTC
440,a48731,2020-03-12 00:00:00.000000 UTC
354,1517e4,2020-03-12 00:00:00.000000 UTC
410,ee51e7,2020-03-12 00:00:00.000000 UTC
221,9061c1,2020-03-12 00:00:00.000000 UTC
115,57d867,2020-03-12 00:00:00.000000 UTC
297,044162,2020-03-12 00:00:00.000000 UTC
231,a76482,2020-03-12 00:00:00.000000 UTC
217,4c9d72,2020-03-12 00:00:00.000000 UTC
433,8e3c60,2020-03-12 00:00:00.000000 UTC
204,eb28c1,2020-03-12 00:00:00.000000 UTC
430,c92a6e,2020-03-12 00:00:00.000000 UTC
331,d7ab2d,2020-03-12 00:00:00.000000 UTC
363,13b038,2020-03-12 00:00:00.000000 UTC
302,4a2e0b,2020-03-12 00:00:00.000000 UTC
144,ed7524,2020-03-12 00:00:00.000000 UTC
290,67ea46,2020-03-12 00:00:00.000000 UTC
380,288386,2020-03-12 00:00:00.000000 UTC
134,e1e012,2020-03-12 00:00:00.000000 UTC
248,42ca74,2020-03-12 00:00:00.000000 UTC
7,8f14e4,2020-02-09 00:00:00.000000 UTC
45,6c8349,2020-02-09 00:00:00.000000 UTC
111,698d51,2020-02-09 00:00:00.000000 UTC
196,084b6f,2020-02-09 00:00:00.000000 UTC
246,38db3a,2020-02-09 00:00:00.000000 UTC
452,9431c8,2020-02-09 00:00:00.000000 UTC
468,877a9b,2020-02-09 00:00:00.000000 UTC
27,d56c2a,2020-02-09 00:00:00.000000 UTC
224,4a0fa3,2020-02-09 00:00:00.000000 UTC
314,cf60cd,2020-02-09 00:00:00.000000 UTC
196,71c9cf,2020-02-09 00:00:00.000000 UTC
75,04de71,2020-02-09 00:00:00.000000 UTC
398,1f8dd5,2020-02-09 00:00:00.000000 UTC
46,727d76,2020-02-09 00:00:00.000000 UTC
14,92ee89,2020-02-09 00:00:00.000000 UTC
29,d0ab67,2020-02-09 00:00:00.000000 UTC
143,8348c8,2020-02-09 00:00:00.000000 UTC
438,888aa1,2020-02-09 00:00:00.000000 UTC
44,7bae4d,2020-02-09 00:00:00.000000 UTC
30,6d240b,2020-02-09 00:00:00.000000 UTC
224,38eaa0,2020-02-09 00:00:00.000000 UTC
326,44fbee,2020-02-09 00:00:00.000000 UTC
475,9d3949,2020-02-09 00:00:00.000000 UTC
59,52c8ed,2020-02-09 00:00:00.000000 UTC
465,e972ab,2020-02-09 00:00:00.000000 UTC
315,21c1f3,2020-02-09 00:00:00.000000 UTC
159,264f86,2020-02-09 00:00:00.000000 UTC
82,fe69b4,2020-02-09 00:00:00.000000 UTC
479,3dcc14,2020-05-07 00:00:00.000000 UTC
25,8e296a,2020-01-08 00:00:00.000000 UTC
44,f71771,2020-01-08 00:00:00.000000 UTC
212,1534b7,2020-01-08 00:00:00.000000 UTC
238,ac1dd2,2020-01-08 00:00:00.000000 UTC
260,a4f236,2020-01-08 00:00:00.000000 UTC
273,4734ba,2020-01-08 00:00:00.000000 UTC
299,ef0d39,2020-01-08 00:00:00.000000 UTC
345,d81f9c,2020-01-08 00:00:00.000000 UTC
346,13f989,2020-01-08 00:00:00.000000 UTC
438,1651cf,2020-01-08 00:00:00.000000 UTC
464,f1b6f2,2020-01-08 00:00:00.000000 UTC
394,6c68b7,2020-01-08 00:00:00.000000 UTC
299,7539c8,2020-01-08 00:00:00.000000 UTC
166,4b9798,2020-04-05 00:00:00.000000 UTC
479,04a4e0,2020-04-05 00:00:00.000000 UTC
410,4e36aa,2020-04-05 00:00:00.000000 UTC
106,e66dd5,2020-04-05 00:00:00.000000 UTC
419,866825,2020-03-04 00:00:00.000000 UTC
123,ecaa5f,2020-03-04 00:00:00.000000 UTC
311,56669c,2020-03-04 00:00:00.000000 UTC
147,067a26,2020-03-04 00:00:00.000000 UTC
36,5918b4,2020-03-04 00:00:00.000000 UTC
123,07dc8c,2020-03-04 00:00:00.000000 UTC
247,2ebe6a,2020-03-04 00:00:00.000000 UTC
244,48c2af,2020-03-04 00:00:00.000000 UTC
467,0ce3b0,2020-03-04 00:00:00.000000 UTC
412,dbdd1d,2020-03-04 00:00:00.000000 UTC
35,a8a7ad,2020-03-04 00:00:00.000000 UTC
415,535cc0,2020-03-04 00:00:00.000000 UTC
26,ada1f4,2020-03-04 00:00:00.000000 UTC
385,b442d8,2020-03-04 00:00:00.000000 UTC
158,81f5e0,2020-03-04 00:00:00.000000 UTC